opportunity_id,observation_index,stage
HX-O0001,1,1
HX-O0001,2,1
HX-O0001,3,1
HX-O0001,4,1
HX-O0001,5,2
HX-O0001,6,2
HX-O0001,7,2
HX-O0001,8,2
HX-O0001,9,3
HX-O0001,10,3
HX-O0001,11,3
HX-O0001,12,4
HX-O0001,13,4
HX-O0001,14,4
HX-O0001,15,4
HX-O0001,16,5
HX-O0001,17,5
HX-O0001,18,5
HX-O0002,1,1
HX-O0002,2,1
HX-O0002,3,1
HX-O0002,4,1
HX-O0002,5,2
HX-O0002,6,2
HX-O0002,7,2
HX-O0002,8,2
HX-O0002,9,3
HX-O0002,10,3
HX-O0002,11,3
HX-O0002,12,4
HX-O0002,13,4
HX-O0002,14,4
HX-O0002,15,4
HX-O0002,16,5
HX-O0002,17,5
HX-O0002,18,5
HX-O0003,1,1
HX-O0003,2,1
HX-O0003,3,1
HX-O0003,4,1
HX-O0003,5,1
HX-O0003,6,1
HX-O0003,7,2
HX-O0003,8,2
HX-O0003,9,2
HX-O0003,10,2
HX-O0003,11,2
HX-O0003,12,2
HX-O0003,13,3
HX-O0003,14,3
HX-O0003,15,3
HX-O0003,16,3
HX-O0003,17,3
HX-O0003,18,3
HX-O0004,1,1
HX-O0004,2,1
HX-O0004,3,1
HX-O0004,4,1
HX-O0004,5,1
HX-O0004,6,1
HX-O0004,7,1
HX-O0004,8,1
HX-O0004,9,1
HX-O0004,10,1
HX-O0004,11,1
HX-O0004,12,1
HX-O0004,13,1
HX-O0004,14,1
HX-O0004,15,1
HX-O0004,16,1
HX-O0004,17,1
HX-O0004,18,1
HX-O0005,1,1
HX-O0005,2,1
HX-O0005,3,1
HX-O0005,4,1
HX-O0005,5,2
HX-O0005,6,2
HX-O0005,7,2
HX-O0005,8,2
HX-O0005,9,3
HX-O0005,10,3
HX-O0005,11,3
HX-O0005,12,4
HX-O0005,13,4
HX-O0005,14,4
HX-O0005,15,4
HX-O0005,16,5
HX-O0005,17,5
HX-O0005,18,5
HX-O0006,1,1
HX-O0006,2,1
HX-O0006,3,1
HX-O0006,4,1
HX-O0006,5,1
HX-O0006,6,2
HX-O0006,7,2
HX-O0006,8,2
HX-O0006,9,2
HX-O0006,10,3
HX-O0006,11,3
HX-O0006,12,3
HX-O0006,13,3
HX-O0006,14,3
HX-O0006,15,4
HX-O0006,16,4
HX-O0006,17,4
HX-O0006,18,4
HX-O0007,1,1
HX-O0007,2,1
HX-O0007,3,1
HX-O0007,4,1
HX-O0007,5,1
HX-O0007,6,1
HX-O0007,7,1
HX-O0007,8,1
HX-O0007,9,1
HX-O0007,10,1
HX-O0007,11,1
HX-O0007,12,1
HX-O0007,13,1
HX-O0007,14,1
HX-O0007,15,1
HX-O0007,16,1
HX-O0007,17,1
HX-O0007,18,1
HX-O0008,1,1
HX-O0008,2,1
HX-O0008,3,1
HX-O0008,4,1
HX-O0008,5,1
HX-O0008,6,2
HX-O0008,7,2
HX-O0008,8,2
HX-O0008,9,2
HX-O0008,10,3
HX-O0008,11,3
HX-O0008,12,3
HX-O0008,13,3
HX-O0008,14,3
HX-O0008,15,4
HX-O0008,16,4
HX-O0008,17,4
HX-O0008,18,4
HX-O0009,1,1
HX-O0009,2,1
HX-O0009,3,1
HX-O0009,4,1
HX-O0009,5,1
HX-O0009,6,1
HX-O0009,7,2
HX-O0009,8,2
HX-O0009,9,2
HX-O0009,10,2
HX-O0009,11,2
HX-O0009,12,2
HX-O0009,13,3
HX-O0009,14,3
HX-O0009,15,3
HX-O0009,16,3
HX-O0009,17,3
HX-O0009,18,3
HX-O0010,1,1
HX-O0010,2,1
HX-O0010,3,1
HX-O0010,4,1
HX-O0010,5,1
HX-O0010,6,2
HX-O0010,7,2
HX-O0010,8,2
HX-O0010,9,2
HX-O0010,10,3
HX-O0010,11,3
HX-O0010,12,3
HX-O0010,13,3
HX-O0010,14,3
HX-O0010,15,4
HX-O0010,16,4
HX-O0010,17,4
HX-O0010,18,4
HX-O0011,1,1
HX-O0011,2,1
HX-O0011,3,1
HX-O0011,4,1
HX-O0011,5,1
HX-O0011,6,1
HX-O0011,7,1
HX-O0011,8,1
HX-O0011,9,1
HX-O0011,10,1
HX-O0011,11,1
HX-O0011,12,1
HX-O0011,13,1
HX-O0011,14,1
HX-O0011,15,1
HX-O0011,16,1
HX-O0011,17,1
HX-O0011,18,1
HX-O0012,1,1
HX-O0012,2,1
HX-O0012,3,1
HX-O0012,4,1
HX-O0012,5,1
HX-O0012,6,2
HX-O0012,7,2
HX-O0012,8,2
HX-O0012,9,2
HX-O0012,10,3
HX-O0012,11,3
HX-O0012,12,3
HX-O0012,13,3
HX-O0012,14,3
HX-O0012,15,4
HX-O0012,16,4
HX-O0012,17,4
HX-O0012,18,4
HX-O0013,1,1
HX-O0013,2,1
HX-O0013,3,1
HX-O0013,4,1
HX-O0013,5,1
HX-O0013,6,1
HX-O0013,7,2
HX-O0013,8,2
HX-O0013,9,2
HX-O0013,10,2
HX-O0013,11,2
HX-O0013,12,2
HX-O0013,13,3
HX-O0013,14,3
HX-O0013,15,3
HX-O0013,16,3
HX-O0013,17,3
HX-O0013,18,3
HX-O0014,1,1
HX-O0014,2,1
HX-O0014,3,1
HX-O0014,4,1
HX-O0014,5,2
HX-O0014,6,2
HX-O0014,7,2
HX-O0014,8,2
HX-O0014,9,3
HX-O0014,10,3
HX-O0014,11,3
HX-O0014,12,4
HX-O0014,13,4
HX-O0014,14,4
HX-O0014,15,4
HX-O0014,16,5
HX-O0014,17,5
HX-O0014,18,5
HX-O0015,1,1
HX-O0015,2,1
HX-O0015,3,1
HX-O0015,4,1
HX-O0015,5,1
HX-O0015,6,1
HX-O0015,7,2
HX-O0015,8,2
HX-O0015,9,2
HX-O0015,10,2
HX-O0015,11,2
HX-O0015,12,2
HX-O0015,13,3
HX-O0015,14,3
HX-O0015,15,3
HX-O0015,16,3
HX-O0015,17,3
HX-O0015,18,3
HX-O0016,1,1
HX-O0016,2,1
HX-O0016,3,1
HX-O0016,4,1
HX-O0016,5,1
HX-O0016,6,1
HX-O0016,7,1
HX-O0016,8,1
HX-O0016,9,1
HX-O0016,10,2
HX-O0016,11,2
HX-O0016,12,2
HX-O0016,13,2
HX-O0016,14,2
HX-O0016,15,2
HX-O0016,16,2
HX-O0016,17,2
HX-O0016,18,2
HX-O0017,1,1
HX-O0017,2,1
HX-O0017,3,1
HX-O0017,4,1
HX-O0017,5,1
HX-O0017,6,1
HX-O0017,7,2
HX-O0017,8,2
HX-O0017,9,2
HX-O0017,10,2
HX-O0017,11,2
HX-O0017,12,2
HX-O0017,13,3
HX-O0017,14,3
HX-O0017,15,3
HX-O0017,16,3
HX-O0017,17,3
HX-O0017,18,3
HX-O0018,1,1
HX-O0018,2,1
HX-O0018,3,1
HX-O0018,4,1
HX-O0018,5,2
HX-O0018,6,2
HX-O0018,7,2
HX-O0018,8,2
HX-O0018,9,3
HX-O0018,10,3
HX-O0018,11,3
HX-O0018,12,4
HX-O0018,13,4
HX-O0018,14,4
HX-O0018,15,4
HX-O0018,16,5
HX-O0018,17,5
HX-O0018,18,5
HX-O0019,1,1
HX-O0019,2,1
HX-O0019,3,1
HX-O0019,4,1
HX-O0019,5,1
HX-O0019,6,1
HX-O0019,7,1
HX-O0019,8,1
HX-O0019,9,1
HX-O0019,10,2
HX-O0019,11,2
HX-O0019,12,2
HX-O0019,13,2
HX-O0019,14,2
HX-O0019,15,2
HX-O0019,16,2
HX-O0019,17,2
HX-O0019,18,2
HX-O0020,1,1
HX-O0020,2,1
HX-O0020,3,1
HX-O0020,4,1
HX-O0020,5,1
HX-O0020,6,2
HX-O0020,7,2
HX-O0020,8,2
HX-O0020,9,2
HX-O0020,10,3
HX-O0020,11,3
HX-O0020,12,3
HX-O0020,13,3
HX-O0020,14,3
HX-O0020,15,4
HX-O0020,16,4
HX-O0020,17,4
HX-O0020,18,4
HX-O0021,1,1
HX-O0021,2,1
HX-O0021,3,1
HX-O0021,4,1
HX-O0021,5,2
HX-O0021,6,2
HX-O0021,7,2
HX-O0021,8,2
HX-O0021,9,3
HX-O0021,10,3
HX-O0021,11,3
HX-O0021,12,4
HX-O0021,13,4
HX-O0021,14,4
HX-O0021,15,4
HX-O0021,16,5
HX-O0021,17,5
HX-O0021,18,5
HX-O0022,1,1
HX-O0022,2,1
HX-O0022,3,1
HX-O0022,4,1
HX-O0022,5,1
HX-O0022,6,1
HX-O0022,7,1
HX-O0022,8,1
HX-O0022,9,1
HX-O0022,10,2
HX-O0022,11,2
HX-O0022,12,2
HX-O0022,13,2
HX-O0022,14,2
HX-O0022,15,2
HX-O0022,16,2
HX-O0022,17,2
HX-O0022,18,2
HX-O0023,1,1
HX-O0023,2,1
HX-O0023,3,1
HX-O0023,4,1
HX-O0023,5,1
HX-O0023,6,1
HX-O0023,7,2
HX-O0023,8,2
HX-O0023,9,2
HX-O0023,10,2
HX-O0023,11,2
HX-O0023,12,2
HX-O0023,13,3
HX-O0023,14,3
HX-O0023,15,3
HX-O0023,16,3
HX-O0023,17,3
HX-O0023,18,3
HX-O0024,1,1
HX-O0024,2,1
HX-O0024,3,1
HX-O0024,4,1
HX-O0024,5,1
HX-O0024,6,1
HX-O0024,7,1
HX-O0024,8,1
HX-O0024,9,1
HX-O0024,10,2
HX-O0024,11,2
HX-O0024,12,2
HX-O0024,13,2
HX-O0024,14,2
HX-O0024,15,2
HX-O0024,16,2
HX-O0024,17,2
HX-O0024,18,2
HX-O0025,1,1
HX-O0025,2,1
HX-O0025,3,1
HX-O0025,4,1
HX-O0025,5,1
HX-O0025,6,1
HX-O0025,7,2
HX-O0025,8,2
HX-O0025,9,2
HX-O0025,10,2
HX-O0025,11,2
HX-O0025,12,2
HX-O0025,13,3
HX-O0025,14,3
HX-O0025,15,3
HX-O0025,16,3
HX-O0025,17,3
HX-O0025,18,3
HX-O0026,1,1
HX-O0026,2,1
HX-O0026,3,1
HX-O0026,4,1
HX-O0026,5,1
HX-O0026,6,1
HX-O0026,7,2
HX-O0026,8,2
HX-O0026,9,2
HX-O0026,10,2
HX-O0026,11,2
HX-O0026,12,2
HX-O0026,13,3
HX-O0026,14,3
HX-O0026,15,3
HX-O0026,16,3
HX-O0026,17,3
HX-O0026,18,3
HX-O0027,1,1
HX-O0027,2,1
HX-O0027,3,1
HX-O0027,4,1
HX-O0027,5,1
HX-O0027,6,1
HX-O0027,7,1
HX-O0027,8,1
HX-O0027,9,1
HX-O0027,10,1
HX-O0027,11,1
HX-O0027,12,1
HX-O0027,13,1
HX-O0027,14,1
HX-O0027,15,1
HX-O0027,16,1
HX-O0027,17,1
HX-O0027,18,1
HX-O0028,1,1
HX-O0028,2,1
HX-O0028,3,1
HX-O0028,4,1
HX-O0028,5,1
HX-O0028,6,1
HX-O0028,7,1
HX-O0028,8,1
HX-O0028,9,1
HX-O0028,10,2
HX-O0028,11,2
HX-O0028,12,2
HX-O0028,13,2
HX-O0028,14,2
HX-O0028,15,2
HX-O0028,16,2
HX-O0028,17,2
HX-O0028,18,2
HX-O0029,1,1
HX-O0029,2,1
HX-O0029,3,1
HX-O0029,4,1
HX-O0029,5,1
HX-O0029,6,1
HX-O0029,7,2
HX-O0029,8,2
HX-O0029,9,2
HX-O0029,10,2
HX-O0029,11,2
HX-O0029,12,2
HX-O0029,13,3
HX-O0029,14,3
HX-O0029,15,3
HX-O0029,16,3
HX-O0029,17,3
HX-O0029,18,3
HX-O0030,1,1
HX-O0030,2,1
HX-O0030,3,1
HX-O0030,4,1
HX-O0030,5,1
HX-O0030,6,1
HX-O0030,7,1
HX-O0030,8,1
HX-O0030,9,1
HX-O0030,10,2
HX-O0030,11,2
HX-O0030,12,2
HX-O0030,13,2
HX-O0030,14,2
HX-O0030,15,2
HX-O0030,16,2
HX-O0030,17,2
HX-O0030,18,2
HX-O0031,1,1
HX-O0031,2,1
HX-O0031,3,1
HX-O0031,4,1
HX-O0031,5,1
HX-O0031,6,1
HX-O0031,7,2
HX-O0031,8,2
HX-O0031,9,2
HX-O0031,10,2
HX-O0031,11,2
HX-O0031,12,2
HX-O0031,13,3
HX-O0031,14,3
HX-O0031,15,3
HX-O0031,16,3
HX-O0031,17,3
HX-O0031,18,3
HX-O0032,1,1
HX-O0032,2,1
HX-O0032,3,1
HX-O0032,4,1
HX-O0032,5,1
HX-O0032,6,2
HX-O0032,7,2
HX-O0032,8,2
HX-O0032,9,2
HX-O0032,10,3
HX-O0032,11,3
HX-O0032,12,3
HX-O0032,13,3
HX-O0032,14,3
HX-O0032,15,4
HX-O0032,16,4
HX-O0032,17,4
HX-O0032,18,4
HX-O0033,1,1
HX-O0033,2,1
HX-O0033,3,1
HX-O0033,4,1
HX-O0033,5,1
HX-O0033,6,1
HX-O0033,7,2
HX-O0033,8,2
HX-O0033,9,2
HX-O0033,10,2
HX-O0033,11,2
HX-O0033,12,2
HX-O0033,13,3
HX-O0033,14,3
HX-O0033,15,3
HX-O0033,16,3
HX-O0033,17,3
HX-O0033,18,3
HX-O0034,1,1
HX-O0034,2,1
HX-O0034,3,1
HX-O0034,4,1
HX-O0034,5,1
HX-O0034,6,1
HX-O0034,7,1
HX-O0034,8,1
HX-O0034,9,1
HX-O0034,10,1
HX-O0034,11,1
HX-O0034,12,1
HX-O0034,13,1
HX-O0034,14,1
HX-O0034,15,1
HX-O0034,16,1
HX-O0034,17,1
HX-O0034,18,1
HX-O0035,1,1
HX-O0035,2,1
HX-O0035,3,1
HX-O0035,4,1
HX-O0035,5,1
HX-O0035,6,2
HX-O0035,7,2
HX-O0035,8,2
HX-O0035,9,2
HX-O0035,10,3
HX-O0035,11,3
HX-O0035,12,3
HX-O0035,13,3
HX-O0035,14,3
HX-O0035,15,4
HX-O0035,16,4
HX-O0035,17,4
HX-O0035,18,4
HX-O0036,1,1
HX-O0036,2,1
HX-O0036,3,1
HX-O0036,4,1
HX-O0036,5,1
HX-O0036,6,1
HX-O0036,7,2
HX-O0036,8,2
HX-O0036,9,2
HX-O0036,10,2
HX-O0036,11,2
HX-O0036,12,2
HX-O0036,13,3
HX-O0036,14,3
HX-O0036,15,3
HX-O0036,16,3
HX-O0036,17,3
HX-O0036,18,3
HX-O0037,1,1
HX-O0037,2,1
HX-O0037,3,1
HX-O0037,4,1
HX-O0037,5,1
HX-O0037,6,2
HX-O0037,7,2
HX-O0037,8,2
HX-O0037,9,2
HX-O0037,10,3
HX-O0037,11,3
HX-O0037,12,3
HX-O0037,13,3
HX-O0037,14,3
HX-O0037,15,4
HX-O0037,16,4
HX-O0037,17,4
HX-O0037,18,4
HX-O0038,1,1
HX-O0038,2,1
HX-O0038,3,1
HX-O0038,4,1
HX-O0038,5,2
HX-O0038,6,2
HX-O0038,7,2
HX-O0038,8,2
HX-O0038,9,3
HX-O0038,10,3
HX-O0038,11,3
HX-O0038,12,4
HX-O0038,13,4
HX-O0038,14,4
HX-O0038,15,4
HX-O0038,16,5
HX-O0038,17,5
HX-O0038,18,5
HX-O0039,1,1
HX-O0039,2,1
HX-O0039,3,1
HX-O0039,4,1
HX-O0039,5,1
HX-O0039,6,1
HX-O0039,7,1
HX-O0039,8,1
HX-O0039,9,1
HX-O0039,10,2
HX-O0039,11,2
HX-O0039,12,2
HX-O0039,13,2
HX-O0039,14,2
HX-O0039,15,2
HX-O0039,16,2
HX-O0039,17,2
HX-O0039,18,2
HX-O0040,1,1
HX-O0040,2,1
HX-O0040,3,1
HX-O0040,4,1
HX-O0040,5,1
HX-O0040,6,1
HX-O0040,7,2
HX-O0040,8,2
HX-O0040,9,2
HX-O0040,10,2
HX-O0040,11,2
HX-O0040,12,2
HX-O0040,13,3
HX-O0040,14,3
HX-O0040,15,3
HX-O0040,16,3
HX-O0040,17,3
HX-O0040,18,3
HX-O0041,1,1
HX-O0041,2,1
HX-O0041,3,1
HX-O0041,4,1
HX-O0041,5,1
HX-O0041,6,1
HX-O0041,7,1
HX-O0041,8,1
HX-O0041,9,1
HX-O0041,10,1
HX-O0041,11,1
HX-O0041,12,1
HX-O0041,13,1
HX-O0041,14,1
HX-O0041,15,1
HX-O0041,16,1
HX-O0041,17,1
HX-O0041,18,1
HX-O0042,1,1
HX-O0042,2,1
HX-O0042,3,1
HX-O0042,4,1
HX-O0042,5,1
HX-O0042,6,1
HX-O0042,7,2
HX-O0042,8,2
HX-O0042,9,2
HX-O0042,10,2
HX-O0042,11,2
HX-O0042,12,2
HX-O0042,13,3
HX-O0042,14,3
HX-O0042,15,3
HX-O0042,16,3
HX-O0042,17,3
HX-O0042,18,3
HX-O0043,1,1
HX-O0043,2,1
HX-O0043,3,1
HX-O0043,4,1
HX-O0043,5,2
HX-O0043,6,2
HX-O0043,7,2
HX-O0043,8,2
HX-O0043,9,3
HX-O0043,10,3
HX-O0043,11,3
HX-O0043,12,4
HX-O0043,13,4
HX-O0043,14,4
HX-O0043,15,4
HX-O0043,16,5
HX-O0043,17,5
HX-O0043,18,5
HX-O0044,1,1
HX-O0044,2,1
HX-O0044,3,1
HX-O0044,4,1
HX-O0044,5,1
HX-O0044,6,2
HX-O0044,7,2
HX-O0044,8,2
HX-O0044,9,2
HX-O0044,10,3
HX-O0044,11,3
HX-O0044,12,3
HX-O0044,13,3
HX-O0044,14,3
HX-O0044,15,4
HX-O0044,16,4
HX-O0044,17,4
HX-O0044,18,4
HX-O0045,1,1
HX-O0045,2,1
HX-O0045,3,1
HX-O0045,4,1
HX-O0045,5,1
HX-O0045,6,1
HX-O0045,7,1
HX-O0045,8,1
HX-O0045,9,1
HX-O0045,10,2
HX-O0045,11,2
HX-O0045,12,2
HX-O0045,13,2
HX-O0045,14,2
HX-O0045,15,2
HX-O0045,16,2
HX-O0045,17,2
HX-O0045,18,2
HX-O0046,1,1
HX-O0046,2,1
HX-O0046,3,1
HX-O0046,4,1
HX-O0046,5,1
HX-O0046,6,1
HX-O0046,7,1
HX-O0046,8,1
HX-O0046,9,1
HX-O0046,10,2
HX-O0046,11,2
HX-O0046,12,2
HX-O0046,13,2
HX-O0046,14,2
HX-O0046,15,2
HX-O0046,16,2
HX-O0046,17,2
HX-O0046,18,2
HX-O0047,1,1
HX-O0047,2,1
HX-O0047,3,1
HX-O0047,4,1
HX-O0047,5,2
HX-O0047,6,2
HX-O0047,7,2
HX-O0047,8,2
HX-O0047,9,3
HX-O0047,10,3
HX-O0047,11,3
HX-O0047,12,4
HX-O0047,13,4
HX-O0047,14,4
HX-O0047,15,4
HX-O0047,16,5
HX-O0047,17,5
HX-O0047,18,5
HX-O0048,1,1
HX-O0048,2,1
HX-O0048,3,1
HX-O0048,4,1
HX-O0048,5,1
HX-O0048,6,1
HX-O0048,7,1
HX-O0048,8,1
HX-O0048,9,1
HX-O0048,10,2
HX-O0048,11,2
HX-O0048,12,2
HX-O0048,13,2
HX-O0048,14,2
HX-O0048,15,2
HX-O0048,16,2
HX-O0048,17,2
HX-O0048,18,2
HX-O0049,1,1
HX-O0049,2,1
HX-O0049,3,1
HX-O0049,4,1
HX-O0049,5,2
HX-O0049,6,2
HX-O0049,7,2
HX-O0049,8,2
HX-O0049,9,3
HX-O0049,10,3
HX-O0049,11,3
HX-O0049,12,4
HX-O0049,13,4
HX-O0049,14,4
HX-O0049,15,4
HX-O0049,16,5
HX-O0049,17,5
HX-O0049,18,5
HX-O0050,1,1
HX-O0050,2,1
HX-O0050,3,1
HX-O0050,4,1
HX-O0050,5,2
HX-O0050,6,2
HX-O0050,7,2
HX-O0050,8,2
HX-O0050,9,3
HX-O0050,10,3
HX-O0050,11,3
HX-O0050,12,4
HX-O0050,13,4
HX-O0050,14,4
HX-O0050,15,4
HX-O0050,16,5
HX-O0050,17,5
HX-O0050,18,5
HX-O0051,1,1
HX-O0051,2,1
HX-O0051,3,1
HX-O0051,4,1
HX-O0051,5,1
HX-O0051,6,1
HX-O0051,7,1
HX-O0051,8,1
HX-O0051,9,1
HX-O0051,10,1
HX-O0051,11,1
HX-O0051,12,1
HX-O0051,13,1
HX-O0051,14,1
HX-O0051,15,1
HX-O0051,16,1
HX-O0051,17,1
HX-O0051,18,1
HX-O0052,1,1
HX-O0052,2,1
HX-O0052,3,1
HX-O0052,4,1
HX-O0052,5,2
HX-O0052,6,2
HX-O0052,7,2
HX-O0052,8,2
HX-O0052,9,3
HX-O0052,10,3
HX-O0052,11,3
HX-O0052,12,4
HX-O0052,13,4
HX-O0052,14,4
HX-O0052,15,4
HX-O0052,16,5
HX-O0052,17,5
HX-O0052,18,5
HX-O0053,1,1
HX-O0053,2,1
HX-O0053,3,1
HX-O0053,4,1
HX-O0053,5,2
HX-O0053,6,2
HX-O0053,7,2
HX-O0053,8,2
HX-O0053,9,3
HX-O0053,10,3
HX-O0053,11,3
HX-O0053,12,4
HX-O0053,13,4
HX-O0053,14,4
HX-O0053,15,4
HX-O0053,16,5
HX-O0053,17,5
HX-O0053,18,5
HX-O0054,1,1
HX-O0054,2,1
HX-O0054,3,1
HX-O0054,4,1
HX-O0054,5,1
HX-O0054,6,2
HX-O0054,7,2
HX-O0054,8,2
HX-O0054,9,2
HX-O0054,10,3
HX-O0054,11,3
HX-O0054,12,3
HX-O0054,13,3
HX-O0054,14,3
HX-O0054,15,4
HX-O0054,16,4
HX-O0054,17,4
HX-O0054,18,4
HX-O0055,1,1
HX-O0055,2,1
HX-O0055,3,1
HX-O0055,4,1
HX-O0055,5,2
HX-O0055,6,2
HX-O0055,7,2
HX-O0055,8,2
HX-O0055,9,3
HX-O0055,10,3
HX-O0055,11,3
HX-O0055,12,4
HX-O0055,13,4
HX-O0055,14,4
HX-O0055,15,4
HX-O0055,16,5
HX-O0055,17,5
HX-O0055,18,5
HX-O0056,1,1
HX-O0056,2,1
HX-O0056,3,1
HX-O0056,4,1
HX-O0056,5,1
HX-O0056,6,1
HX-O0056,7,1
HX-O0056,8,1
HX-O0056,9,1
HX-O0056,10,2
HX-O0056,11,2
HX-O0056,12,2
HX-O0056,13,2
HX-O0056,14,2
HX-O0056,15,2
HX-O0056,16,2
HX-O0056,17,2
HX-O0056,18,2
HX-O0057,1,1
HX-O0057,2,1
HX-O0057,3,1
HX-O0057,4,1
HX-O0057,5,1
HX-O0057,6,2
HX-O0057,7,2
HX-O0057,8,2
HX-O0057,9,2
HX-O0057,10,3
HX-O0057,11,3
HX-O0057,12,3
HX-O0057,13,3
HX-O0057,14,3
HX-O0057,15,4
HX-O0057,16,4
HX-O0057,17,4
HX-O0057,18,4
HX-O0058,1,1
HX-O0058,2,1
HX-O0058,3,1
HX-O0058,4,1
HX-O0058,5,2
HX-O0058,6,2
HX-O0058,7,2
HX-O0058,8,2
HX-O0058,9,3
HX-O0058,10,3
HX-O0058,11,3
HX-O0058,12,4
HX-O0058,13,4
HX-O0058,14,4
HX-O0058,15,4
HX-O0058,16,5
HX-O0058,17,5
HX-O0058,18,5
HX-O0059,1,1
HX-O0059,2,1
HX-O0059,3,1
HX-O0059,4,1
HX-O0059,5,1
HX-O0059,6,1
HX-O0059,7,1
HX-O0059,8,1
HX-O0059,9,1
HX-O0059,10,2
HX-O0059,11,2
HX-O0059,12,2
HX-O0059,13,2
HX-O0059,14,2
HX-O0059,15,2
HX-O0059,16,2
HX-O0059,17,2
HX-O0059,18,2
HX-O0060,1,1
HX-O0060,2,1
HX-O0060,3,1
HX-O0060,4,1
HX-O0060,5,1
HX-O0060,6,1
HX-O0060,7,1
HX-O0060,8,1
HX-O0060,9,1
HX-O0060,10,2
HX-O0060,11,2
HX-O0060,12,2
HX-O0060,13,2
HX-O0060,14,2
HX-O0060,15,2
HX-O0060,16,2
HX-O0060,17,2
HX-O0060,18,2
HX-O0061,1,1
HX-O0061,2,1
HX-O0061,3,1
HX-O0061,4,1
HX-O0061,5,1
HX-O0061,6,1
HX-O0061,7,1
HX-O0061,8,1
HX-O0061,9,1
HX-O0061,10,2
HX-O0061,11,2
HX-O0061,12,2
HX-O0061,13,2
HX-O0061,14,2
HX-O0061,15,2
HX-O0061,16,2
HX-O0061,17,2
HX-O0061,18,2
HX-O0062,1,1
HX-O0062,2,1
HX-O0062,3,1
HX-O0062,4,1
HX-O0062,5,1
HX-O0062,6,1
HX-O0062,7,1
HX-O0062,8,1
HX-O0062,9,1
HX-O0062,10,1
HX-O0062,11,1
HX-O0062,12,1
HX-O0062,13,1
HX-O0062,14,1
HX-O0062,15,1
HX-O0062,16,1
HX-O0062,17,1
HX-O0062,18,1
HX-O0063,1,1
HX-O0063,2,1
HX-O0063,3,1
HX-O0063,4,1
HX-O0063,5,1
HX-O0063,6,1
HX-O0063,7,2
HX-O0063,8,2
HX-O0063,9,2
HX-O0063,10,2
HX-O0063,11,2
HX-O0063,12,2
HX-O0063,13,3
HX-O0063,14,3
HX-O0063,15,3
HX-O0063,16,3
HX-O0063,17,3
HX-O0063,18,3
HX-O0064,1,1
HX-O0064,2,1
HX-O0064,3,1
HX-O0064,4,1
HX-O0064,5,1
HX-O0064,6,1
HX-O0064,7,2
HX-O0064,8,2
HX-O0064,9,2
HX-O0064,10,2
HX-O0064,11,2
HX-O0064,12,2
HX-O0064,13,3
HX-O0064,14,3
HX-O0064,15,3
HX-O0064,16,3
HX-O0064,17,3
HX-O0064,18,3
HX-O0065,1,1
HX-O0065,2,1
HX-O0065,3,1
HX-O0065,4,1
HX-O0065,5,1
HX-O0065,6,1
HX-O0065,7,2
HX-O0065,8,2
HX-O0065,9,2
HX-O0065,10,2
HX-O0065,11,2
HX-O0065,12,2
HX-O0065,13,3
HX-O0065,14,3
HX-O0065,15,3
HX-O0065,16,3
HX-O0065,17,3
HX-O0065,18,3
HX-O0066,1,1
HX-O0066,2,1
HX-O0066,3,1
HX-O0066,4,1
HX-O0066,5,2
HX-O0066,6,2
HX-O0066,7,2
HX-O0066,8,2
HX-O0066,9,3
HX-O0066,10,3
HX-O0066,11,3
HX-O0066,12,4
HX-O0066,13,4
HX-O0066,14,4
HX-O0066,15,4
HX-O0066,16,5
HX-O0066,17,5
HX-O0066,18,5
HX-O0067,1,1
HX-O0067,2,1
HX-O0067,3,1
HX-O0067,4,1
HX-O0067,5,1
HX-O0067,6,1
HX-O0067,7,1
HX-O0067,8,1
HX-O0067,9,1
HX-O0067,10,2
HX-O0067,11,2
HX-O0067,12,2
HX-O0067,13,2
HX-O0067,14,2
HX-O0067,15,2
HX-O0067,16,2
HX-O0067,17,2
HX-O0067,18,2
HX-O0068,1,1
HX-O0068,2,1
HX-O0068,3,1
HX-O0068,4,1
HX-O0068,5,1
HX-O0068,6,1
HX-O0068,7,1
HX-O0068,8,1
HX-O0068,9,1
HX-O0068,10,1
HX-O0068,11,1
HX-O0068,12,1
HX-O0068,13,1
HX-O0068,14,1
HX-O0068,15,1
HX-O0068,16,1
HX-O0068,17,1
HX-O0068,18,1
HX-O0069,1,1
HX-O0069,2,1
HX-O0069,3,1
HX-O0069,4,1
HX-O0069,5,1
HX-O0069,6,1
HX-O0069,7,2
HX-O0069,8,2
HX-O0069,9,2
HX-O0069,10,2
HX-O0069,11,2
HX-O0069,12,2
HX-O0069,13,3
HX-O0069,14,3
HX-O0069,15,3
HX-O0069,16,3
HX-O0069,17,3
HX-O0069,18,3
HX-O0070,1,1
HX-O0070,2,1
HX-O0070,3,1
HX-O0070,4,1
HX-O0070,5,2
HX-O0070,6,2
HX-O0070,7,2
HX-O0070,8,2
HX-O0070,9,3
HX-O0070,10,3
HX-O0070,11,3
HX-O0070,12,4
HX-O0070,13,4
HX-O0070,14,4
HX-O0070,15,4
HX-O0070,16,5
HX-O0070,17,5
HX-O0070,18,5
HX-O0071,1,1
HX-O0071,2,1
HX-O0071,3,1
HX-O0071,4,1
HX-O0071,5,1
HX-O0071,6,1
HX-O0071,7,1
HX-O0071,8,1
HX-O0071,9,1
HX-O0071,10,2
HX-O0071,11,2
HX-O0071,12,2
HX-O0071,13,2
HX-O0071,14,2
HX-O0071,15,2
HX-O0071,16,2
HX-O0071,17,2
HX-O0071,18,2
HX-O0072,1,1
HX-O0072,2,1
HX-O0072,3,1
HX-O0072,4,1
HX-O0072,5,1
HX-O0072,6,1
HX-O0072,7,1
HX-O0072,8,1
HX-O0072,9,1
HX-O0072,10,1
HX-O0072,11,1
HX-O0072,12,1
HX-O0072,13,1
HX-O0072,14,1
HX-O0072,15,1
HX-O0072,16,1
HX-O0072,17,1
HX-O0072,18,1
HX-O0073,1,1
HX-O0073,2,1
HX-O0073,3,1
HX-O0073,4,1
HX-O0073,5,1
HX-O0073,6,2
HX-O0073,7,2
HX-O0073,8,2
HX-O0073,9,2
HX-O0073,10,3
HX-O0073,11,3
HX-O0073,12,3
HX-O0073,13,3
HX-O0073,14,3
HX-O0073,15,4
HX-O0073,16,4
HX-O0073,17,4
HX-O0073,18,4
HX-O0074,1,1
HX-O0074,2,1
HX-O0074,3,1
HX-O0074,4,1
HX-O0074,5,1
HX-O0074,6,1
HX-O0074,7,2
HX-O0074,8,2
HX-O0074,9,2
HX-O0074,10,2
HX-O0074,11,2
HX-O0074,12,2
HX-O0074,13,3
HX-O0074,14,3
HX-O0074,15,3
HX-O0074,16,3
HX-O0074,17,3
HX-O0074,18,3
HX-O0075,1,1
HX-O0075,2,1
HX-O0075,3,1
HX-O0075,4,1
HX-O0075,5,1
HX-O0075,6,2
HX-O0075,7,2
HX-O0075,8,2
HX-O0075,9,2
HX-O0075,10,3
HX-O0075,11,3
HX-O0075,12,3
HX-O0075,13,3
HX-O0075,14,3
HX-O0075,15,4
HX-O0075,16,4
HX-O0075,17,4
HX-O0075,18,4
HX-O0076,1,1
HX-O0076,2,1
HX-O0076,3,1
HX-O0076,4,1
HX-O0076,5,1
HX-O0076,6,2
HX-O0076,7,2
HX-O0076,8,2
HX-O0076,9,2
HX-O0076,10,3
HX-O0076,11,3
HX-O0076,12,3
HX-O0076,13,3
HX-O0076,14,3
HX-O0076,15,4
HX-O0076,16,4
HX-O0076,17,4
HX-O0076,18,4
HX-O0077,1,1
HX-O0077,2,1
HX-O0077,3,1
HX-O0077,4,1
HX-O0077,5,1
HX-O0077,6,1
HX-O0077,7,2
HX-O0077,8,2
HX-O0077,9,2
HX-O0077,10,2
HX-O0077,11,2
HX-O0077,12,2
HX-O0077,13,3
HX-O0077,14,3
HX-O0077,15,3
HX-O0077,16,3
HX-O0077,17,3
HX-O0077,18,3
HX-O0078,1,1
HX-O0078,2,1
HX-O0078,3,1
HX-O0078,4,1
HX-O0078,5,1
HX-O0078,6,1
HX-O0078,7,2
HX-O0078,8,2
HX-O0078,9,2
HX-O0078,10,2
HX-O0078,11,2
HX-O0078,12,2
HX-O0078,13,3
HX-O0078,14,3
HX-O0078,15,3
HX-O0078,16,3
HX-O0078,17,3
HX-O0078,18,3
HX-O0079,1,1
HX-O0079,2,1
HX-O0079,3,1
HX-O0079,4,1
HX-O0079,5,1
HX-O0079,6,1
HX-O0079,7,1
HX-O0079,8,1
HX-O0079,9,1
HX-O0079,10,1
HX-O0079,11,1
HX-O0079,12,1
HX-O0079,13,1
HX-O0079,14,1
HX-O0079,15,1
HX-O0079,16,1
HX-O0079,17,1
HX-O0079,18,1
HX-O0080,1,1
HX-O0080,2,1
HX-O0080,3,1
HX-O0080,4,1
HX-O0080,5,1
HX-O0080,6,1
HX-O0080,7,1
HX-O0080,8,1
HX-O0080,9,1
HX-O0080,10,2
HX-O0080,11,2
HX-O0080,12,2
HX-O0080,13,2
HX-O0080,14,2
HX-O0080,15,2
HX-O0080,16,2
HX-O0080,17,2
HX-O0080,18,2
HX-O0081,1,1
HX-O0081,2,1
HX-O0081,3,1
HX-O0081,4,1
HX-O0081,5,1
HX-O0081,6,1
HX-O0081,7,1
HX-O0081,8,1
HX-O0081,9,1
HX-O0081,10,1
HX-O0081,11,1
HX-O0081,12,1
HX-O0081,13,1
HX-O0081,14,1
HX-O0081,15,1
HX-O0081,16,1
HX-O0081,17,1
HX-O0081,18,1
HX-O0082,1,1
HX-O0082,2,1
HX-O0082,3,1
HX-O0082,4,1
HX-O0082,5,1
HX-O0082,6,2
HX-O0082,7,2
HX-O0082,8,2
HX-O0082,9,2
HX-O0082,10,3
HX-O0082,11,3
HX-O0082,12,3
HX-O0082,13,3
HX-O0082,14,3
HX-O0082,15,4
HX-O0082,16,4
HX-O0082,17,4
HX-O0082,18,4
HX-O0083,1,1
HX-O0083,2,1
HX-O0083,3,1
HX-O0083,4,1
HX-O0083,5,1
HX-O0083,6,1
HX-O0083,7,1
HX-O0083,8,1
HX-O0083,9,1
HX-O0083,10,2
HX-O0083,11,2
HX-O0083,12,2
HX-O0083,13,2
HX-O0083,14,2
HX-O0083,15,2
HX-O0083,16,2
HX-O0083,17,2
HX-O0083,18,2
HX-O0084,1,1
HX-O0084,2,1
HX-O0084,3,1
HX-O0084,4,1
HX-O0084,5,1
HX-O0084,6,1
HX-O0084,7,1
HX-O0084,8,1
HX-O0084,9,1
HX-O0084,10,2
HX-O0084,11,2
HX-O0084,12,2
HX-O0084,13,2
HX-O0084,14,2
HX-O0084,15,2
HX-O0084,16,2
HX-O0084,17,2
HX-O0084,18,2
HX-O0085,1,1
HX-O0085,2,1
HX-O0085,3,1
HX-O0085,4,1
HX-O0085,5,1
HX-O0085,6,1
HX-O0085,7,2
HX-O0085,8,2
HX-O0085,9,2
HX-O0085,10,2
HX-O0085,11,2
HX-O0085,12,2
HX-O0085,13,3
HX-O0085,14,3
HX-O0085,15,3
HX-O0085,16,3
HX-O0085,17,3
HX-O0085,18,3
HX-O0086,1,1
HX-O0086,2,1
HX-O0086,3,1
HX-O0086,4,1
HX-O0086,5,2
HX-O0086,6,2
HX-O0086,7,2
HX-O0086,8,2
HX-O0086,9,3
HX-O0086,10,3
HX-O0086,11,3
HX-O0086,12,4
HX-O0086,13,4
HX-O0086,14,4
HX-O0086,15,4
HX-O0086,16,5
HX-O0086,17,5
HX-O0086,18,5
HX-O0087,1,1
HX-O0087,2,1
HX-O0087,3,1
HX-O0087,4,1
HX-O0087,5,1
HX-O0087,6,2
HX-O0087,7,2
HX-O0087,8,2
HX-O0087,9,2
HX-O0087,10,3
HX-O0087,11,3
HX-O0087,12,3
HX-O0087,13,3
HX-O0087,14,3
HX-O0087,15,4
HX-O0087,16,4
HX-O0087,17,4
HX-O0087,18,4
HX-O0088,1,1
HX-O0088,2,1
HX-O0088,3,1
HX-O0088,4,1
HX-O0088,5,1
HX-O0088,6,1
HX-O0088,7,1
HX-O0088,8,1
HX-O0088,9,1
HX-O0088,10,2
HX-O0088,11,2
HX-O0088,12,2
HX-O0088,13,2
HX-O0088,14,2
HX-O0088,15,2
HX-O0088,16,2
HX-O0088,17,2
HX-O0088,18,2
HX-O0089,1,1
HX-O0089,2,1
HX-O0089,3,1
HX-O0089,4,1
HX-O0089,5,1
HX-O0089,6,1
HX-O0089,7,1
HX-O0089,8,1
HX-O0089,9,1
HX-O0089,10,2
HX-O0089,11,2
HX-O0089,12,2
HX-O0089,13,2
HX-O0089,14,2
HX-O0089,15,2
HX-O0089,16,2
HX-O0089,17,2
HX-O0089,18,2
HX-O0090,1,1
HX-O0090,2,1
HX-O0090,3,1
HX-O0090,4,1
HX-O0090,5,1
HX-O0090,6,2
HX-O0090,7,2
HX-O0090,8,2
HX-O0090,9,2
HX-O0090,10,3
HX-O0090,11,3
HX-O0090,12,3
HX-O0090,13,3
HX-O0090,14,3
HX-O0090,15,4
HX-O0090,16,4
HX-O0090,17,4
HX-O0090,18,4
HX-O0091,1,1
HX-O0091,2,1
HX-O0091,3,1
HX-O0091,4,1
HX-O0091,5,1
HX-O0091,6,1
HX-O0091,7,1
HX-O0091,8,1
HX-O0091,9,1
HX-O0091,10,1
HX-O0091,11,1
HX-O0091,12,1
HX-O0091,13,1
HX-O0091,14,1
HX-O0091,15,1
HX-O0091,16,1
HX-O0091,17,1
HX-O0091,18,1
HX-O0092,1,1
HX-O0092,2,1
HX-O0092,3,1
HX-O0092,4,1
HX-O0092,5,1
HX-O0092,6,2
HX-O0092,7,2
HX-O0092,8,2
HX-O0092,9,2
HX-O0092,10,3
HX-O0092,11,3
HX-O0092,12,3
HX-O0092,13,3
HX-O0092,14,3
HX-O0092,15,4
HX-O0092,16,4
HX-O0092,17,4
HX-O0092,18,4
HX-O0093,1,1
HX-O0093,2,1
HX-O0093,3,1
HX-O0093,4,1
HX-O0093,5,1
HX-O0093,6,1
HX-O0093,7,1
HX-O0093,8,1
HX-O0093,9,1
HX-O0093,10,2
HX-O0093,11,2
HX-O0093,12,2
HX-O0093,13,2
HX-O0093,14,2
HX-O0093,15,2
HX-O0093,16,2
HX-O0093,17,2
HX-O0093,18,2
HX-O0094,1,1
HX-O0094,2,1
HX-O0094,3,1
HX-O0094,4,1
HX-O0094,5,1
HX-O0094,6,1
HX-O0094,7,1
HX-O0094,8,1
HX-O0094,9,1
HX-O0094,10,2
HX-O0094,11,2
HX-O0094,12,2
HX-O0094,13,2
HX-O0094,14,2
HX-O0094,15,2
HX-O0094,16,2
HX-O0094,17,2
HX-O0094,18,2
HX-O0095,1,1
HX-O0095,2,1
HX-O0095,3,1
HX-O0095,4,1
HX-O0095,5,1
HX-O0095,6,2
HX-O0095,7,2
HX-O0095,8,2
HX-O0095,9,2
HX-O0095,10,3
HX-O0095,11,3
HX-O0095,12,3
HX-O0095,13,3
HX-O0095,14,3
HX-O0095,15,4
HX-O0095,16,4
HX-O0095,17,4
HX-O0095,18,4
HX-O0096,1,1
HX-O0096,2,1
HX-O0096,3,1
HX-O0096,4,1
HX-O0096,5,1
HX-O0096,6,2
HX-O0096,7,2
HX-O0096,8,2
HX-O0096,9,2
HX-O0096,10,3
HX-O0096,11,3
HX-O0096,12,3
HX-O0096,13,3
HX-O0096,14,3
HX-O0096,15,4
HX-O0096,16,4
HX-O0096,17,4
HX-O0096,18,4
HX-O0097,1,1
HX-O0097,2,1
HX-O0097,3,1
HX-O0097,4,1
HX-O0097,5,2
HX-O0097,6,2
HX-O0097,7,2
HX-O0097,8,2
HX-O0097,9,3
HX-O0097,10,3
HX-O0097,11,3
HX-O0097,12,4
HX-O0097,13,4
HX-O0097,14,4
HX-O0097,15,4
HX-O0097,16,5
HX-O0097,17,5
HX-O0097,18,5
HX-O0098,1,1
HX-O0098,2,1
HX-O0098,3,1
HX-O0098,4,1
HX-O0098,5,1
HX-O0098,6,1
HX-O0098,7,2
HX-O0098,8,2
HX-O0098,9,2
HX-O0098,10,2
HX-O0098,11,2
HX-O0098,12,2
HX-O0098,13,3
HX-O0098,14,3
HX-O0098,15,3
HX-O0098,16,3
HX-O0098,17,3
HX-O0098,18,3
HX-O0099,1,1
HX-O0099,2,1
HX-O0099,3,1
HX-O0099,4,1
HX-O0099,5,1
HX-O0099,6,1
HX-O0099,7,2
HX-O0099,8,2
HX-O0099,9,2
HX-O0099,10,2
HX-O0099,11,2
HX-O0099,12,2
HX-O0099,13,3
HX-O0099,14,3
HX-O0099,15,3
HX-O0099,16,3
HX-O0099,17,3
HX-O0099,18,3
HX-O0100,1,1
HX-O0100,2,1
HX-O0100,3,1
HX-O0100,4,1
HX-O0100,5,1
HX-O0100,6,1
HX-O0100,7,2
HX-O0100,8,2
HX-O0100,9,2
HX-O0100,10,2
HX-O0100,11,2
HX-O0100,12,2
HX-O0100,13,3
HX-O0100,14,3
HX-O0100,15,3
HX-O0100,16,3
HX-O0100,17,3
HX-O0100,18,3
HX-O0101,1,1
HX-O0101,2,1
HX-O0101,3,1
HX-O0101,4,1
HX-O0101,5,1
HX-O0101,6,1
HX-O0101,7,2
HX-O0101,8,2
HX-O0101,9,2
HX-O0101,10,2
HX-O0101,11,2
HX-O0101,12,2
HX-O0101,13,3
HX-O0101,14,3
HX-O0101,15,3
HX-O0101,16,3
HX-O0101,17,3
HX-O0101,18,3
HX-O0102,1,1
HX-O0102,2,1
HX-O0102,3,1
HX-O0102,4,1
HX-O0102,5,1
HX-O0102,6,1
HX-O0102,7,1
HX-O0102,8,1
HX-O0102,9,1
HX-O0102,10,2
HX-O0102,11,2
HX-O0102,12,2
HX-O0102,13,2
HX-O0102,14,2
HX-O0102,15,2
HX-O0102,16,2
HX-O0102,17,2
HX-O0102,18,2
HX-O0103,1,1
HX-O0103,2,1
HX-O0103,3,1
HX-O0103,4,1
HX-O0103,5,1
HX-O0103,6,1
HX-O0103,7,1
HX-O0103,8,1
HX-O0103,9,1
HX-O0103,10,2
HX-O0103,11,2
HX-O0103,12,2
HX-O0103,13,2
HX-O0103,14,2
HX-O0103,15,2
HX-O0103,16,2
HX-O0103,17,2
HX-O0103,18,2
HX-O0104,1,1
HX-O0104,2,1
HX-O0104,3,1
HX-O0104,4,1
HX-O0104,5,1
HX-O0104,6,1
HX-O0104,7,2
HX-O0104,8,2
HX-O0104,9,2
HX-O0104,10,2
HX-O0104,11,2
HX-O0104,12,2
HX-O0104,13,3
HX-O0104,14,3
HX-O0104,15,3
HX-O0104,16,3
HX-O0104,17,3
HX-O0104,18,3
HX-O0105,1,1
HX-O0105,2,1
HX-O0105,3,1
HX-O0105,4,1
HX-O0105,5,2
HX-O0105,6,2
HX-O0105,7,2
HX-O0105,8,2
HX-O0105,9,3
HX-O0105,10,3
HX-O0105,11,3
HX-O0105,12,4
HX-O0105,13,4
HX-O0105,14,4
HX-O0105,15,4
HX-O0105,16,5
HX-O0105,17,5
HX-O0105,18,5
HX-O0106,1,1
HX-O0106,2,1
HX-O0106,3,1
HX-O0106,4,1
HX-O0106,5,1
HX-O0106,6,1
HX-O0106,7,1
HX-O0106,8,1
HX-O0106,9,1
HX-O0106,10,2
HX-O0106,11,2
HX-O0106,12,2
HX-O0106,13,2
HX-O0106,14,2
HX-O0106,15,2
HX-O0106,16,2
HX-O0106,17,2
HX-O0106,18,2
HX-O0107,1,1
HX-O0107,2,1
HX-O0107,3,1
HX-O0107,4,1
HX-O0107,5,2
HX-O0107,6,2
HX-O0107,7,2
HX-O0107,8,2
HX-O0107,9,3
HX-O0107,10,3
HX-O0107,11,3
HX-O0107,12,4
HX-O0107,13,4
HX-O0107,14,4
HX-O0107,15,4
HX-O0107,16,5
HX-O0107,17,5
HX-O0107,18,5
HX-O0108,1,1
HX-O0108,2,1
HX-O0108,3,1
HX-O0108,4,1
HX-O0108,5,1
HX-O0108,6,2
HX-O0108,7,2
HX-O0108,8,2
HX-O0108,9,2
HX-O0108,10,3
HX-O0108,11,3
HX-O0108,12,3
HX-O0108,13,3
HX-O0108,14,3
HX-O0108,15,4
HX-O0108,16,4
HX-O0108,17,4
HX-O0108,18,4
HX-O0109,1,1
HX-O0109,2,1
HX-O0109,3,1
HX-O0109,4,1
HX-O0109,5,1
HX-O0109,6,2
HX-O0109,7,2
HX-O0109,8,2
HX-O0109,9,2
HX-O0109,10,3
HX-O0109,11,3
HX-O0109,12,3
HX-O0109,13,3
HX-O0109,14,3
HX-O0109,15,4
HX-O0109,16,4
HX-O0109,17,4
HX-O0109,18,4
HX-O0110,1,1
HX-O0110,2,1
HX-O0110,3,1
HX-O0110,4,1
HX-O0110,5,1
HX-O0110,6,2
HX-O0110,7,2
HX-O0110,8,2
HX-O0110,9,2
HX-O0110,10,3
HX-O0110,11,3
HX-O0110,12,3
HX-O0110,13,3
HX-O0110,14,3
HX-O0110,15,4
HX-O0110,16,4
HX-O0110,17,4
HX-O0110,18,4
HX-O0111,1,1
HX-O0111,2,1
HX-O0111,3,1
HX-O0111,4,1
HX-O0111,5,2
HX-O0111,6,2
HX-O0111,7,2
HX-O0111,8,2
HX-O0111,9,3
HX-O0111,10,3
HX-O0111,11,3
HX-O0111,12,4
HX-O0111,13,4
HX-O0111,14,4
HX-O0111,15,4
HX-O0111,16,5
HX-O0111,17,5
HX-O0111,18,5
HX-O0112,1,1
HX-O0112,2,1
HX-O0112,3,1
HX-O0112,4,1
HX-O0112,5,2
HX-O0112,6,2
HX-O0112,7,2
HX-O0112,8,2
HX-O0112,9,3
HX-O0112,10,3
HX-O0112,11,3
HX-O0112,12,4
HX-O0112,13,4
HX-O0112,14,4
HX-O0112,15,4
HX-O0112,16,5
HX-O0112,17,5
HX-O0112,18,5
HX-O0113,1,1
HX-O0113,2,1
HX-O0113,3,1
HX-O0113,4,1
HX-O0113,5,1
HX-O0113,6,1
HX-O0113,7,1
HX-O0113,8,1
HX-O0113,9,1
HX-O0113,10,1
HX-O0113,11,1
HX-O0113,12,1
HX-O0113,13,1
HX-O0113,14,1
HX-O0113,15,1
HX-O0113,16,1
HX-O0113,17,1
HX-O0113,18,1
HX-O0114,1,1
HX-O0114,2,1
HX-O0114,3,1
HX-O0114,4,1
HX-O0114,5,1
HX-O0114,6,1
HX-O0114,7,2
HX-O0114,8,2
HX-O0114,9,2
HX-O0114,10,2
HX-O0114,11,2
HX-O0114,12,2
HX-O0114,13,3
HX-O0114,14,3
HX-O0114,15,3
HX-O0114,16,3
HX-O0114,17,3
HX-O0114,18,3
HX-O0115,1,1
HX-O0115,2,1
HX-O0115,3,1
HX-O0115,4,1
HX-O0115,5,1
HX-O0115,6,1
HX-O0115,7,1
HX-O0115,8,1
HX-O0115,9,1
HX-O0115,10,1
HX-O0115,11,1
HX-O0115,12,1
HX-O0115,13,1
HX-O0115,14,1
HX-O0115,15,1
HX-O0115,16,1
HX-O0115,17,1
HX-O0115,18,1
HX-O0116,1,1
HX-O0116,2,1
HX-O0116,3,1
HX-O0116,4,1
HX-O0116,5,1
HX-O0116,6,1
HX-O0116,7,1
HX-O0116,8,1
HX-O0116,9,1
HX-O0116,10,1
HX-O0116,11,1
HX-O0116,12,1
HX-O0116,13,1
HX-O0116,14,1
HX-O0116,15,1
HX-O0116,16,1
HX-O0116,17,1
HX-O0116,18,1
HX-O0117,1,1
HX-O0117,2,1
HX-O0117,3,1
HX-O0117,4,1
HX-O0117,5,1
HX-O0117,6,1
HX-O0117,7,1
HX-O0117,8,1
HX-O0117,9,1
HX-O0117,10,1
HX-O0117,11,1
HX-O0117,12,1
HX-O0117,13,1
HX-O0117,14,1
HX-O0117,15,1
HX-O0117,16,1
HX-O0117,17,1
HX-O0117,18,1
HX-O0118,1,1
HX-O0118,2,1
HX-O0118,3,1
HX-O0118,4,1
HX-O0118,5,1
HX-O0118,6,1
HX-O0118,7,1
HX-O0118,8,1
HX-O0118,9,1
HX-O0118,10,2
HX-O0118,11,2
HX-O0118,12,2
HX-O0118,13,2
HX-O0118,14,2
HX-O0118,15,2
HX-O0118,16,2
HX-O0118,17,2
HX-O0118,18,2
HX-O0119,1,1
HX-O0119,2,1
HX-O0119,3,1
HX-O0119,4,1
HX-O0119,5,1
HX-O0119,6,1
HX-O0119,7,1
HX-O0119,8,1
HX-O0119,9,1
HX-O0119,10,2
HX-O0119,11,2
HX-O0119,12,2
HX-O0119,13,2
HX-O0119,14,2
HX-O0119,15,2
HX-O0119,16,2
HX-O0119,17,2
HX-O0119,18,2
HX-O0120,1,1
HX-O0120,2,1
HX-O0120,3,1
HX-O0120,4,1
HX-O0120,5,1
HX-O0120,6,1
HX-O0120,7,1
HX-O0120,8,1
HX-O0120,9,1
HX-O0120,10,2
HX-O0120,11,2
HX-O0120,12,2
HX-O0120,13,2
HX-O0120,14,2
HX-O0120,15,2
HX-O0120,16,2
HX-O0120,17,2
HX-O0120,18,2
HX-O0121,1,1
HX-O0121,2,1
HX-O0121,3,1
HX-O0121,4,1
HX-O0121,5,1
HX-O0121,6,2
HX-O0121,7,2
HX-O0121,8,2
HX-O0121,9,2
HX-O0121,10,3
HX-O0121,11,3
HX-O0121,12,3
HX-O0121,13,3
HX-O0121,14,3
HX-O0121,15,4
HX-O0121,16,4
HX-O0121,17,4
HX-O0121,18,4
HX-O0122,1,1
HX-O0122,2,1
HX-O0122,3,1
HX-O0122,4,1
HX-O0122,5,1
HX-O0122,6,2
HX-O0122,7,2
HX-O0122,8,2
HX-O0122,9,2
HX-O0122,10,3
HX-O0122,11,3
HX-O0122,12,3
HX-O0122,13,3
HX-O0122,14,3
HX-O0122,15,4
HX-O0122,16,4
HX-O0122,17,4
HX-O0122,18,4
HX-O0123,1,1
HX-O0123,2,1
HX-O0123,3,1
HX-O0123,4,1
HX-O0123,5,1
HX-O0123,6,2
HX-O0123,7,2
HX-O0123,8,2
HX-O0123,9,2
HX-O0123,10,3
HX-O0123,11,3
HX-O0123,12,3
HX-O0123,13,3
HX-O0123,14,3
HX-O0123,15,4
HX-O0123,16,4
HX-O0123,17,4
HX-O0123,18,4
HX-O0124,1,1
HX-O0124,2,1
HX-O0124,3,1
HX-O0124,4,1
HX-O0124,5,2
HX-O0124,6,2
HX-O0124,7,2
HX-O0124,8,2
HX-O0124,9,3
HX-O0124,10,3
HX-O0124,11,3
HX-O0124,12,4
HX-O0124,13,4
HX-O0124,14,4
HX-O0124,15,4
HX-O0124,16,5
HX-O0124,17,5
HX-O0124,18,5
HX-O0125,1,1
HX-O0125,2,1
HX-O0125,3,1
HX-O0125,4,1
HX-O0125,5,1
HX-O0125,6,1
HX-O0125,7,1
HX-O0125,8,1
HX-O0125,9,1
HX-O0125,10,1
HX-O0125,11,1
HX-O0125,12,1
HX-O0125,13,1
HX-O0125,14,1
HX-O0125,15,1
HX-O0125,16,1
HX-O0125,17,1
HX-O0125,18,1
HX-O0126,1,1
HX-O0126,2,1
HX-O0126,3,1
HX-O0126,4,1
HX-O0126,5,1
HX-O0126,6,2
HX-O0126,7,2
HX-O0126,8,2
HX-O0126,9,2
HX-O0126,10,3
HX-O0126,11,3
HX-O0126,12,3
HX-O0126,13,3
HX-O0126,14,3
HX-O0126,15,4
HX-O0126,16,4
HX-O0126,17,4
HX-O0126,18,4
HX-O0127,1,1
HX-O0127,2,1
HX-O0127,3,1
HX-O0127,4,1
HX-O0127,5,1
HX-O0127,6,1
HX-O0127,7,1
HX-O0127,8,1
HX-O0127,9,1
HX-O0127,10,1
HX-O0127,11,1
HX-O0127,12,1
HX-O0127,13,1
HX-O0127,14,1
HX-O0127,15,1
HX-O0127,16,1
HX-O0127,17,1
HX-O0127,18,1
HX-O0128,1,1
HX-O0128,2,1
HX-O0128,3,1
HX-O0128,4,1
HX-O0128,5,2
HX-O0128,6,2
HX-O0128,7,2
HX-O0128,8,2
HX-O0128,9,3
HX-O0128,10,3
HX-O0128,11,3
HX-O0128,12,4
HX-O0128,13,4
HX-O0128,14,4
HX-O0128,15,4
HX-O0128,16,5
HX-O0128,17,5
HX-O0128,18,5
HX-O0129,1,1
HX-O0129,2,1
HX-O0129,3,1
HX-O0129,4,1
HX-O0129,5,2
HX-O0129,6,2
HX-O0129,7,2
HX-O0129,8,2
HX-O0129,9,3
HX-O0129,10,3
HX-O0129,11,3
HX-O0129,12,4
HX-O0129,13,4
HX-O0129,14,4
HX-O0129,15,4
HX-O0129,16,5
HX-O0129,17,5
HX-O0129,18,5
HX-O0130,1,1
HX-O0130,2,1
HX-O0130,3,1
HX-O0130,4,1
HX-O0130,5,1
HX-O0130,6,1
HX-O0130,7,1
HX-O0130,8,1
HX-O0130,9,1
HX-O0130,10,1
HX-O0130,11,1
HX-O0130,12,1
HX-O0130,13,1
HX-O0130,14,1
HX-O0130,15,1
HX-O0130,16,1
HX-O0130,17,1
HX-O0130,18,1
HX-O0131,1,1
HX-O0131,2,1
HX-O0131,3,1
HX-O0131,4,1
HX-O0131,5,1
HX-O0131,6,1
HX-O0131,7,2
HX-O0131,8,2
HX-O0131,9,2
HX-O0131,10,2
HX-O0131,11,2
HX-O0131,12,2
HX-O0131,13,3
HX-O0131,14,3
HX-O0131,15,3
HX-O0131,16,3
HX-O0131,17,3
HX-O0131,18,3
HX-O0132,1,1
HX-O0132,2,1
HX-O0132,3,1
HX-O0132,4,1
HX-O0132,5,1
HX-O0132,6,1
HX-O0132,7,1
HX-O0132,8,1
HX-O0132,9,1
HX-O0132,10,2
HX-O0132,11,2
HX-O0132,12,2
HX-O0132,13,2
HX-O0132,14,2
HX-O0132,15,2
HX-O0132,16,2
HX-O0132,17,2
HX-O0132,18,2
HX-O0133,1,1
HX-O0133,2,1
HX-O0133,3,1
HX-O0133,4,1
HX-O0133,5,1
HX-O0133,6,1
HX-O0133,7,1
HX-O0133,8,1
HX-O0133,9,1
HX-O0133,10,2
HX-O0133,11,2
HX-O0133,12,2
HX-O0133,13,2
HX-O0133,14,2
HX-O0133,15,2
HX-O0133,16,2
HX-O0133,17,2
HX-O0133,18,2
HX-O0134,1,1
HX-O0134,2,1
HX-O0134,3,1
HX-O0134,4,1
HX-O0134,5,1
HX-O0134,6,2
HX-O0134,7,2
HX-O0134,8,2
HX-O0134,9,2
HX-O0134,10,3
HX-O0134,11,3
HX-O0134,12,3
HX-O0134,13,3
HX-O0134,14,3
HX-O0134,15,4
HX-O0134,16,4
HX-O0134,17,4
HX-O0134,18,4
HX-O0135,1,1
HX-O0135,2,1
HX-O0135,3,1
HX-O0135,4,1
HX-O0135,5,1
HX-O0135,6,1
HX-O0135,7,2
HX-O0135,8,2
HX-O0135,9,2
HX-O0135,10,2
HX-O0135,11,2
HX-O0135,12,2
HX-O0135,13,3
HX-O0135,14,3
HX-O0135,15,3
HX-O0135,16,3
HX-O0135,17,3
HX-O0135,18,3
HX-O0136,1,1
HX-O0136,2,1
HX-O0136,3,1
HX-O0136,4,1
HX-O0136,5,1
HX-O0136,6,1
HX-O0136,7,2
HX-O0136,8,2
HX-O0136,9,2
HX-O0136,10,2
HX-O0136,11,2
HX-O0136,12,2
HX-O0136,13,3
HX-O0136,14,3
HX-O0136,15,3
HX-O0136,16,3
HX-O0136,17,3
HX-O0136,18,3
HX-O0137,1,1
HX-O0137,2,1
HX-O0137,3,1
HX-O0137,4,1
HX-O0137,5,1
HX-O0137,6,1
HX-O0137,7,1
HX-O0137,8,1
HX-O0137,9,1
HX-O0137,10,1
HX-O0137,11,1
HX-O0137,12,1
HX-O0137,13,1
HX-O0137,14,1
HX-O0137,15,1
HX-O0137,16,1
HX-O0137,17,1
HX-O0137,18,1
HX-O0138,1,1
HX-O0138,2,1
HX-O0138,3,1
HX-O0138,4,1
HX-O0138,5,1
HX-O0138,6,1
HX-O0138,7,1
HX-O0138,8,1
HX-O0138,9,1
HX-O0138,10,1
HX-O0138,11,1
HX-O0138,12,1
HX-O0138,13,1
HX-O0138,14,1
HX-O0138,15,1
HX-O0138,16,1
HX-O0138,17,1
HX-O0138,18,1
HX-O0139,1,1
HX-O0139,2,1
HX-O0139,3,1
HX-O0139,4,1
HX-O0139,5,1
HX-O0139,6,1
HX-O0139,7,1
HX-O0139,8,1
HX-O0139,9,1
HX-O0139,10,2
HX-O0139,11,2
HX-O0139,12,2
HX-O0139,13,2
HX-O0139,14,2
HX-O0139,15,2
HX-O0139,16,2
HX-O0139,17,2
HX-O0139,18,2
HX-O0140,1,1
HX-O0140,2,1
HX-O0140,3,1
HX-O0140,4,1
HX-O0140,5,2
HX-O0140,6,2
HX-O0140,7,2
HX-O0140,8,2
HX-O0140,9,3
HX-O0140,10,3
HX-O0140,11,3
HX-O0140,12,4
HX-O0140,13,4
HX-O0140,14,4
HX-O0140,15,4
HX-O0140,16,5
HX-O0140,17,5
HX-O0140,18,5
HX-O0141,1,1
HX-O0141,2,1
HX-O0141,3,1
HX-O0141,4,1
HX-O0141,5,2
HX-O0141,6,2
HX-O0141,7,2
HX-O0141,8,2
HX-O0141,9,3
HX-O0141,10,3
HX-O0141,11,3
HX-O0141,12,4
HX-O0141,13,4
HX-O0141,14,4
HX-O0141,15,4
HX-O0141,16,5
HX-O0141,17,5
HX-O0141,18,5
HX-O0142,1,1
HX-O0142,2,1
HX-O0142,3,1
HX-O0142,4,1
HX-O0142,5,1
HX-O0142,6,1
HX-O0142,7,2
HX-O0142,8,2
HX-O0142,9,2
HX-O0142,10,2
HX-O0142,11,2
HX-O0142,12,2
HX-O0142,13,3
HX-O0142,14,3
HX-O0142,15,3
HX-O0142,16,3
HX-O0142,17,3
HX-O0142,18,3
HX-O0143,1,1
HX-O0143,2,1
HX-O0143,3,1
HX-O0143,4,1
HX-O0143,5,1
HX-O0143,6,1
HX-O0143,7,1
HX-O0143,8,1
HX-O0143,9,1
HX-O0143,10,2
HX-O0143,11,2
HX-O0143,12,2
HX-O0143,13,2
HX-O0143,14,2
HX-O0143,15,2
HX-O0143,16,2
HX-O0143,17,2
HX-O0143,18,2
HX-O0144,1,1
HX-O0144,2,1
HX-O0144,3,1
HX-O0144,4,1
HX-O0144,5,1
HX-O0144,6,1
HX-O0144,7,2
HX-O0144,8,2
HX-O0144,9,2
HX-O0144,10,2
HX-O0144,11,2
HX-O0144,12,2
HX-O0144,13,3
HX-O0144,14,3
HX-O0144,15,3
HX-O0144,16,3
HX-O0144,17,3
HX-O0144,18,3
HX-O0145,1,1
HX-O0145,2,1
HX-O0145,3,1
HX-O0145,4,1
HX-O0145,5,1
HX-O0145,6,1
HX-O0145,7,1
HX-O0145,8,1
HX-O0145,9,1
HX-O0145,10,2
HX-O0145,11,2
HX-O0145,12,2
HX-O0145,13,2
HX-O0145,14,2
HX-O0145,15,2
HX-O0145,16,2
HX-O0145,17,2
HX-O0145,18,2
HX-O0146,1,1
HX-O0146,2,1
HX-O0146,3,1
HX-O0146,4,1
HX-O0146,5,1
HX-O0146,6,1
HX-O0146,7,1
HX-O0146,8,1
HX-O0146,9,1
HX-O0146,10,2
HX-O0146,11,2
HX-O0146,12,2
HX-O0146,13,2
HX-O0146,14,2
HX-O0146,15,2
HX-O0146,16,2
HX-O0146,17,2
HX-O0146,18,2
HX-O0147,1,1
HX-O0147,2,1
HX-O0147,3,1
HX-O0147,4,1
HX-O0147,5,1
HX-O0147,6,1
HX-O0147,7,1
HX-O0147,8,1
HX-O0147,9,1
HX-O0147,10,1
HX-O0147,11,1
HX-O0147,12,1
HX-O0147,13,1
HX-O0147,14,1
HX-O0147,15,1
HX-O0147,16,1
HX-O0147,17,1
HX-O0147,18,1
HX-O0148,1,1
HX-O0148,2,1
HX-O0148,3,1
HX-O0148,4,1
HX-O0148,5,1
HX-O0148,6,1
HX-O0148,7,2
HX-O0148,8,2
HX-O0148,9,2
HX-O0148,10,2
HX-O0148,11,2
HX-O0148,12,2
HX-O0148,13,3
HX-O0148,14,3
HX-O0148,15,3
HX-O0148,16,3
HX-O0148,17,3
HX-O0148,18,3
HX-O0149,1,1
HX-O0149,2,1
HX-O0149,3,1
HX-O0149,4,1
HX-O0149,5,1
HX-O0149,6,1
HX-O0149,7,2
HX-O0149,8,2
HX-O0149,9,2
HX-O0149,10,2
HX-O0149,11,2
HX-O0149,12,2
HX-O0149,13,3
HX-O0149,14,3
HX-O0149,15,3
HX-O0149,16,3
HX-O0149,17,3
HX-O0149,18,3
HX-O0150,1,1
HX-O0150,2,1
HX-O0150,3,1
HX-O0150,4,1
HX-O0150,5,1
HX-O0150,6,2
HX-O0150,7,2
HX-O0150,8,2
HX-O0150,9,2
HX-O0150,10,3
HX-O0150,11,3
HX-O0150,12,3
HX-O0150,13,3
HX-O0150,14,3
HX-O0150,15,4
HX-O0150,16,4
HX-O0150,17,4
HX-O0150,18,4
HX-O0151,1,1
HX-O0151,2,1
HX-O0151,3,1
HX-O0151,4,1
HX-O0151,5,2
HX-O0151,6,2
HX-O0151,7,2
HX-O0151,8,2
HX-O0151,9,3
HX-O0151,10,3
HX-O0151,11,3
HX-O0151,12,4
HX-O0151,13,4
HX-O0151,14,4
HX-O0151,15,4
HX-O0151,16,5
HX-O0151,17,5
HX-O0151,18,5
HX-O0152,1,1
HX-O0152,2,1
HX-O0152,3,1
HX-O0152,4,1
HX-O0152,5,1
HX-O0152,6,2
HX-O0152,7,2
HX-O0152,8,2
HX-O0152,9,2
HX-O0152,10,3
HX-O0152,11,3
HX-O0152,12,3
HX-O0152,13,3
HX-O0152,14,3
HX-O0152,15,4
HX-O0152,16,4
HX-O0152,17,4
HX-O0152,18,4
HX-O0153,1,1
HX-O0153,2,1
HX-O0153,3,1
HX-O0153,4,1
HX-O0153,5,2
HX-O0153,6,2
HX-O0153,7,2
HX-O0153,8,2
HX-O0153,9,3
HX-O0153,10,3
HX-O0153,11,3
HX-O0153,12,4
HX-O0153,13,4
HX-O0153,14,4
HX-O0153,15,4
HX-O0153,16,5
HX-O0153,17,5
HX-O0153,18,5
HX-O0154,1,1
HX-O0154,2,1
HX-O0154,3,1
HX-O0154,4,1
HX-O0154,5,1
HX-O0154,6,1
HX-O0154,7,2
HX-O0154,8,2
HX-O0154,9,2
HX-O0154,10,2
HX-O0154,11,2
HX-O0154,12,2
HX-O0154,13,3
HX-O0154,14,3
HX-O0154,15,3
HX-O0154,16,3
HX-O0154,17,3
HX-O0154,18,3
HX-O0155,1,1
HX-O0155,2,1
HX-O0155,3,1
HX-O0155,4,1
HX-O0155,5,1
HX-O0155,6,1
HX-O0155,7,1
HX-O0155,8,1
HX-O0155,9,1
HX-O0155,10,1
HX-O0155,11,1
HX-O0155,12,1
HX-O0155,13,1
HX-O0155,14,1
HX-O0155,15,1
HX-O0155,16,1
HX-O0155,17,1
HX-O0155,18,1
HX-O0156,1,1
HX-O0156,2,1
HX-O0156,3,1
HX-O0156,4,1
HX-O0156,5,1
HX-O0156,6,1
HX-O0156,7,2
HX-O0156,8,2
HX-O0156,9,2
HX-O0156,10,2
HX-O0156,11,2
HX-O0156,12,2
HX-O0156,13,3
HX-O0156,14,3
HX-O0156,15,3
HX-O0156,16,3
HX-O0156,17,3
HX-O0156,18,3
HX-O0157,1,1
HX-O0157,2,1
HX-O0157,3,1
HX-O0157,4,1
HX-O0157,5,1
HX-O0157,6,1
HX-O0157,7,1
HX-O0157,8,1
HX-O0157,9,1
HX-O0157,10,1
HX-O0157,11,1
HX-O0157,12,1
HX-O0157,13,1
HX-O0157,14,1
HX-O0157,15,1
HX-O0157,16,1
HX-O0157,17,1
HX-O0157,18,1
HX-O0158,1,1
HX-O0158,2,1
HX-O0158,3,1
HX-O0158,4,1
HX-O0158,5,1
HX-O0158,6,1
HX-O0158,7,2
HX-O0158,8,2
HX-O0158,9,2
HX-O0158,10,2
HX-O0158,11,2
HX-O0158,12,2
HX-O0158,13,3
HX-O0158,14,3
HX-O0158,15,3
HX-O0158,16,3
HX-O0158,17,3
HX-O0158,18,3
HX-O0159,1,1
HX-O0159,2,1
HX-O0159,3,1
HX-O0159,4,1
HX-O0159,5,1
HX-O0159,6,1
HX-O0159,7,2
HX-O0159,8,2
HX-O0159,9,2
HX-O0159,10,2
HX-O0159,11,2
HX-O0159,12,2
HX-O0159,13,3
HX-O0159,14,3
HX-O0159,15,3
HX-O0159,16,3
HX-O0159,17,3
HX-O0159,18,3
HX-O0160,1,1
HX-O0160,2,1
HX-O0160,3,1
HX-O0160,4,1
HX-O0160,5,2
HX-O0160,6,2
HX-O0160,7,2
HX-O0160,8,2
HX-O0160,9,3
HX-O0160,10,3
HX-O0160,11,3
HX-O0160,12,4
HX-O0160,13,4
HX-O0160,14,4
HX-O0160,15,4
HX-O0160,16,5
HX-O0160,17,5
HX-O0160,18,5
HX-O0161,1,1
HX-O0161,2,1
HX-O0161,3,1
HX-O0161,4,1
HX-O0161,5,1
HX-O0161,6,1
HX-O0161,7,1
HX-O0161,8,1
HX-O0161,9,1
HX-O0161,10,2
HX-O0161,11,2
HX-O0161,12,2
HX-O0161,13,2
HX-O0161,14,2
HX-O0161,15,2
HX-O0161,16,2
HX-O0161,17,2
HX-O0161,18,2
HX-O0162,1,1
HX-O0162,2,1
HX-O0162,3,1
HX-O0162,4,1
HX-O0162,5,1
HX-O0162,6,2
HX-O0162,7,2
HX-O0162,8,2
HX-O0162,9,2
HX-O0162,10,3
HX-O0162,11,3
HX-O0162,12,3
HX-O0162,13,3
HX-O0162,14,3
HX-O0162,15,4
HX-O0162,16,4
HX-O0162,17,4
HX-O0162,18,4
HX-O0163,1,1
HX-O0163,2,1
HX-O0163,3,1
HX-O0163,4,1
HX-O0163,5,1
HX-O0163,6,1
HX-O0163,7,1
HX-O0163,8,1
HX-O0163,9,1
HX-O0163,10,1
HX-O0163,11,1
HX-O0163,12,1
HX-O0163,13,1
HX-O0163,14,1
HX-O0163,15,1
HX-O0163,16,1
HX-O0163,17,1
HX-O0163,18,1
HX-O0164,1,1
HX-O0164,2,1
HX-O0164,3,1
HX-O0164,4,1
HX-O0164,5,2
HX-O0164,6,2
HX-O0164,7,2
HX-O0164,8,2
HX-O0164,9,3
HX-O0164,10,3
HX-O0164,11,3
HX-O0164,12,4
HX-O0164,13,4
HX-O0164,14,4
HX-O0164,15,4
HX-O0164,16,5
HX-O0164,17,5
HX-O0164,18,5
HX-O0165,1,1
HX-O0165,2,1
HX-O0165,3,1
HX-O0165,4,1
HX-O0165,5,1
HX-O0165,6,1
HX-O0165,7,1
HX-O0165,8,1
HX-O0165,9,1
HX-O0165,10,1
HX-O0165,11,1
HX-O0165,12,1
HX-O0165,13,1
HX-O0165,14,1
HX-O0165,15,1
HX-O0165,16,1
HX-O0165,17,1
HX-O0165,18,1
HX-O0166,1,1
HX-O0166,2,1
HX-O0166,3,1
HX-O0166,4,1
HX-O0166,5,1
HX-O0166,6,1
HX-O0166,7,1
HX-O0166,8,1
HX-O0166,9,1
HX-O0166,10,1
HX-O0166,11,1
HX-O0166,12,1
HX-O0166,13,1
HX-O0166,14,1
HX-O0166,15,1
HX-O0166,16,1
HX-O0166,17,1
HX-O0166,18,1
HX-O0167,1,1
HX-O0167,2,1
HX-O0167,3,1
HX-O0167,4,1
HX-O0167,5,1
HX-O0167,6,1
HX-O0167,7,2
HX-O0167,8,2
HX-O0167,9,2
HX-O0167,10,2
HX-O0167,11,2
HX-O0167,12,2
HX-O0167,13,3
HX-O0167,14,3
HX-O0167,15,3
HX-O0167,16,3
HX-O0167,17,3
HX-O0167,18,3
HX-O0168,1,1
HX-O0168,2,1
HX-O0168,3,1
HX-O0168,4,1
HX-O0168,5,1
HX-O0168,6,1
HX-O0168,7,1
HX-O0168,8,1
HX-O0168,9,1
HX-O0168,10,1
HX-O0168,11,1
HX-O0168,12,1
HX-O0168,13,1
HX-O0168,14,1
HX-O0168,15,1
HX-O0168,16,1
HX-O0168,17,1
HX-O0168,18,1
HX-O0169,1,1
HX-O0169,2,1
HX-O0169,3,1
HX-O0169,4,1
HX-O0169,5,2
HX-O0169,6,2
HX-O0169,7,2
HX-O0169,8,2
HX-O0169,9,3
HX-O0169,10,3
HX-O0169,11,3
HX-O0169,12,4
HX-O0169,13,4
HX-O0169,14,4
HX-O0169,15,4
HX-O0169,16,5
HX-O0169,17,5
HX-O0169,18,5
HX-O0170,1,1
HX-O0170,2,1
HX-O0170,3,1
HX-O0170,4,1
HX-O0170,5,2
HX-O0170,6,2
HX-O0170,7,2
HX-O0170,8,2
HX-O0170,9,3
HX-O0170,10,3
HX-O0170,11,3
HX-O0170,12,4
HX-O0170,13,4
HX-O0170,14,4
HX-O0170,15,4
HX-O0170,16,5
HX-O0170,17,5
HX-O0170,18,5
HX-O0171,1,1
HX-O0171,2,1
HX-O0171,3,1
HX-O0171,4,1
HX-O0171,5,1
HX-O0171,6,1
HX-O0171,7,1
HX-O0171,8,1
HX-O0171,9,1
HX-O0171,10,1
HX-O0171,11,1
HX-O0171,12,1
HX-O0171,13,1
HX-O0171,14,1
HX-O0171,15,1
HX-O0171,16,1
HX-O0171,17,1
HX-O0171,18,1
HX-O0172,1,1
HX-O0172,2,1
HX-O0172,3,1
HX-O0172,4,1
HX-O0172,5,2
HX-O0172,6,2
HX-O0172,7,2
HX-O0172,8,2
HX-O0172,9,3
HX-O0172,10,3
HX-O0172,11,3
HX-O0172,12,4
HX-O0172,13,4
HX-O0172,14,4
HX-O0172,15,4
HX-O0172,16,5
HX-O0172,17,5
HX-O0172,18,5
HX-O0173,1,1
HX-O0173,2,1
HX-O0173,3,1
HX-O0173,4,1
HX-O0173,5,1
HX-O0173,6,1
HX-O0173,7,1
HX-O0173,8,1
HX-O0173,9,1
HX-O0173,10,1
HX-O0173,11,1
HX-O0173,12,1
HX-O0173,13,1
HX-O0173,14,1
HX-O0173,15,1
HX-O0173,16,1
HX-O0173,17,1
HX-O0173,18,1
HX-O0174,1,1
HX-O0174,2,1
HX-O0174,3,1
HX-O0174,4,1
HX-O0174,5,1
HX-O0174,6,1
HX-O0174,7,1
HX-O0174,8,1
HX-O0174,9,1
HX-O0174,10,1
HX-O0174,11,1
HX-O0174,12,1
HX-O0174,13,1
HX-O0174,14,1
HX-O0174,15,1
HX-O0174,16,1
HX-O0174,17,1
HX-O0174,18,1
HX-O0175,1,1
HX-O0175,2,1
HX-O0175,3,1
HX-O0175,4,1
HX-O0175,5,1
HX-O0175,6,2
HX-O0175,7,2
HX-O0175,8,2
HX-O0175,9,2
HX-O0175,10,3
HX-O0175,11,3
HX-O0175,12,3
HX-O0175,13,3
HX-O0175,14,3
HX-O0175,15,4
HX-O0175,16,4
HX-O0175,17,4
HX-O0175,18,4
HX-O0176,1,1
HX-O0176,2,1
HX-O0176,3,1
HX-O0176,4,1
HX-O0176,5,1
HX-O0176,6,2
HX-O0176,7,2
HX-O0176,8,2
HX-O0176,9,2
HX-O0176,10,3
HX-O0176,11,3
HX-O0176,12,3
HX-O0176,13,3
HX-O0176,14,3
HX-O0176,15,4
HX-O0176,16,4
HX-O0176,17,4
HX-O0176,18,4
HX-O0177,1,1
HX-O0177,2,1
HX-O0177,3,1
HX-O0177,4,1
HX-O0177,5,1
HX-O0177,6,1
HX-O0177,7,2
HX-O0177,8,2
HX-O0177,9,2
HX-O0177,10,2
HX-O0177,11,2
HX-O0177,12,2
HX-O0177,13,3
HX-O0177,14,3
HX-O0177,15,3
HX-O0177,16,3
HX-O0177,17,3
HX-O0177,18,3
HX-O0178,1,1
HX-O0178,2,1
HX-O0178,3,1
HX-O0178,4,1
HX-O0178,5,2
HX-O0178,6,2
HX-O0178,7,2
HX-O0178,8,2
HX-O0178,9,3
HX-O0178,10,3
HX-O0178,11,3
HX-O0178,12,4
HX-O0178,13,4
HX-O0178,14,4
HX-O0178,15,4
HX-O0178,16,5
HX-O0178,17,5
HX-O0178,18,5
HX-O0179,1,1
HX-O0179,2,1
HX-O0179,3,1
HX-O0179,4,1
HX-O0179,5,1
HX-O0179,6,1
HX-O0179,7,1
HX-O0179,8,1
HX-O0179,9,1
HX-O0179,10,1
HX-O0179,11,1
HX-O0179,12,1
HX-O0179,13,1
HX-O0179,14,1
HX-O0179,15,1
HX-O0179,16,1
HX-O0179,17,1
HX-O0179,18,1
HX-O0180,1,1
HX-O0180,2,1
HX-O0180,3,1
HX-O0180,4,1
HX-O0180,5,1
HX-O0180,6,1
HX-O0180,7,1
HX-O0180,8,1
HX-O0180,9,1
HX-O0180,10,2
HX-O0180,11,2
HX-O0180,12,2
HX-O0180,13,2
HX-O0180,14,2
HX-O0180,15,2
HX-O0180,16,2
HX-O0180,17,2
HX-O0180,18,2
HX-O0181,1,1
HX-O0181,2,1
HX-O0181,3,1
HX-O0181,4,1
HX-O0181,5,2
HX-O0181,6,2
HX-O0181,7,2
HX-O0181,8,2
HX-O0181,9,3
HX-O0181,10,3
HX-O0181,11,3
HX-O0181,12,4
HX-O0181,13,4
HX-O0181,14,4
HX-O0181,15,4
HX-O0181,16,5
HX-O0181,17,5
HX-O0181,18,5
HX-O0182,1,1
HX-O0182,2,1
HX-O0182,3,1
HX-O0182,4,1
HX-O0182,5,2
HX-O0182,6,2
HX-O0182,7,2
HX-O0182,8,2
HX-O0182,9,3
HX-O0182,10,3
HX-O0182,11,3
HX-O0182,12,4
HX-O0182,13,4
HX-O0182,14,4
HX-O0182,15,4
HX-O0182,16,5
HX-O0182,17,5
HX-O0182,18,5
HX-O0183,1,1
HX-O0183,2,1
HX-O0183,3,1
HX-O0183,4,1
HX-O0183,5,2
HX-O0183,6,2
HX-O0183,7,2
HX-O0183,8,2
HX-O0183,9,3
HX-O0183,10,3
HX-O0183,11,3
HX-O0183,12,4
HX-O0183,13,4
HX-O0183,14,4
HX-O0183,15,4
HX-O0183,16,5
HX-O0183,17,5
HX-O0183,18,5
HX-O0184,1,1
HX-O0184,2,1
HX-O0184,3,1
HX-O0184,4,1
HX-O0184,5,1
HX-O0184,6,1
HX-O0184,7,1
HX-O0184,8,1
HX-O0184,9,1
HX-O0184,10,1
HX-O0184,11,1
HX-O0184,12,1
HX-O0184,13,1
HX-O0184,14,1
HX-O0184,15,1
HX-O0184,16,1
HX-O0184,17,1
HX-O0184,18,1
HX-O0185,1,1
HX-O0185,2,1
HX-O0185,3,1
HX-O0185,4,1
HX-O0185,5,1
HX-O0185,6,1
HX-O0185,7,1
HX-O0185,8,1
HX-O0185,9,1
HX-O0185,10,2
HX-O0185,11,2
HX-O0185,12,2
HX-O0185,13,2
HX-O0185,14,2
HX-O0185,15,2
HX-O0185,16,2
HX-O0185,17,2
HX-O0185,18,2
HX-O0186,1,1
HX-O0186,2,1
HX-O0186,3,1
HX-O0186,4,1
HX-O0186,5,1
HX-O0186,6,2
HX-O0186,7,2
HX-O0186,8,2
HX-O0186,9,2
HX-O0186,10,3
HX-O0186,11,3
HX-O0186,12,3
HX-O0186,13,3
HX-O0186,14,3
HX-O0186,15,4
HX-O0186,16,4
HX-O0186,17,4
HX-O0186,18,4
HX-O0187,1,1
HX-O0187,2,1
HX-O0187,3,1
HX-O0187,4,1
HX-O0187,5,1
HX-O0187,6,1
HX-O0187,7,1
HX-O0187,8,1
HX-O0187,9,1
HX-O0187,10,2
HX-O0187,11,2
HX-O0187,12,2
HX-O0187,13,2
HX-O0187,14,2
HX-O0187,15,2
HX-O0187,16,2
HX-O0187,17,2
HX-O0187,18,2
HX-O0188,1,1
HX-O0188,2,1
HX-O0188,3,1
HX-O0188,4,1
HX-O0188,5,1
HX-O0188,6,1
HX-O0188,7,1
HX-O0188,8,1
HX-O0188,9,1
HX-O0188,10,1
HX-O0188,11,1
HX-O0188,12,1
HX-O0188,13,1
HX-O0188,14,1
HX-O0188,15,1
HX-O0188,16,1
HX-O0188,17,1
HX-O0188,18,1
HX-O0189,1,1
HX-O0189,2,1
HX-O0189,3,1
HX-O0189,4,1
HX-O0189,5,1
HX-O0189,6,1
HX-O0189,7,1
HX-O0189,8,1
HX-O0189,9,1
HX-O0189,10,1
HX-O0189,11,1
HX-O0189,12,1
HX-O0189,13,1
HX-O0189,14,1
HX-O0189,15,1
HX-O0189,16,1
HX-O0189,17,1
HX-O0189,18,1
HX-O0190,1,1
HX-O0190,2,1
HX-O0190,3,1
HX-O0190,4,1
HX-O0190,5,1
HX-O0190,6,2
HX-O0190,7,2
HX-O0190,8,2
HX-O0190,9,2
HX-O0190,10,3
HX-O0190,11,3
HX-O0190,12,3
HX-O0190,13,3
HX-O0190,14,3
HX-O0190,15,4
HX-O0190,16,4
HX-O0190,17,4
HX-O0190,18,4
HX-O0191,1,1
HX-O0191,2,1
HX-O0191,3,1
HX-O0191,4,1
HX-O0191,5,2
HX-O0191,6,2
HX-O0191,7,2
HX-O0191,8,2
HX-O0191,9,3
HX-O0191,10,3
HX-O0191,11,3
HX-O0191,12,4
HX-O0191,13,4
HX-O0191,14,4
HX-O0191,15,4
HX-O0191,16,5
HX-O0191,17,5
HX-O0191,18,5
HX-O0192,1,1
HX-O0192,2,1
HX-O0192,3,1
HX-O0192,4,1
HX-O0192,5,1
HX-O0192,6,1
HX-O0192,7,1
HX-O0192,8,1
HX-O0192,9,1
HX-O0192,10,1
HX-O0192,11,1
HX-O0192,12,1
HX-O0192,13,1
HX-O0192,14,1
HX-O0192,15,1
HX-O0192,16,1
HX-O0192,17,1
HX-O0192,18,1
HX-O0193,1,1
HX-O0193,2,1
HX-O0193,3,1
HX-O0193,4,1
HX-O0193,5,1
HX-O0193,6,2
HX-O0193,7,2
HX-O0193,8,2
HX-O0193,9,2
HX-O0193,10,3
HX-O0193,11,3
HX-O0193,12,3
HX-O0193,13,3
HX-O0193,14,3
HX-O0193,15,4
HX-O0193,16,4
HX-O0193,17,4
HX-O0193,18,4
HX-O0194,1,1
HX-O0194,2,1
HX-O0194,3,1
HX-O0194,4,1
HX-O0194,5,1
HX-O0194,6,1
HX-O0194,7,2
HX-O0194,8,2
HX-O0194,9,2
HX-O0194,10,2
HX-O0194,11,2
HX-O0194,12,2
HX-O0194,13,3
HX-O0194,14,3
HX-O0194,15,3
HX-O0194,16,3
HX-O0194,17,3
HX-O0194,18,3
HX-O0195,1,1
HX-O0195,2,1
HX-O0195,3,1
HX-O0195,4,1
HX-O0195,5,2
HX-O0195,6,2
HX-O0195,7,2
HX-O0195,8,2
HX-O0195,9,3
HX-O0195,10,3
HX-O0195,11,3
HX-O0195,12,4
HX-O0195,13,4
HX-O0195,14,4
HX-O0195,15,4
HX-O0195,16,5
HX-O0195,17,5
HX-O0195,18,5
HX-O0196,1,1
HX-O0196,2,1
HX-O0196,3,1
HX-O0196,4,1
HX-O0196,5,1
HX-O0196,6,1
HX-O0196,7,2
HX-O0196,8,2
HX-O0196,9,2
HX-O0196,10,2
HX-O0196,11,2
HX-O0196,12,2
HX-O0196,13,3
HX-O0196,14,3
HX-O0196,15,3
HX-O0196,16,3
HX-O0196,17,3
HX-O0196,18,3
HX-O0197,1,1
HX-O0197,2,1
HX-O0197,3,1
HX-O0197,4,1
HX-O0197,5,1
HX-O0197,6,1
HX-O0197,7,2
HX-O0197,8,2
HX-O0197,9,2
HX-O0197,10,2
HX-O0197,11,2
HX-O0197,12,2
HX-O0197,13,3
HX-O0197,14,3
HX-O0197,15,3
HX-O0197,16,3
HX-O0197,17,3
HX-O0197,18,3
HX-O0198,1,1
HX-O0198,2,1
HX-O0198,3,1
HX-O0198,4,1
HX-O0198,5,2
HX-O0198,6,2
HX-O0198,7,2
HX-O0198,8,2
HX-O0198,9,3
HX-O0198,10,3
HX-O0198,11,3
HX-O0198,12,4
HX-O0198,13,4
HX-O0198,14,4
HX-O0198,15,4
HX-O0198,16,5
HX-O0198,17,5
HX-O0198,18,5
HX-O0199,1,1
HX-O0199,2,1
HX-O0199,3,1
HX-O0199,4,1
HX-O0199,5,1
HX-O0199,6,2
HX-O0199,7,2
HX-O0199,8,2
HX-O0199,9,2
HX-O0199,10,3
HX-O0199,11,3
HX-O0199,12,3
HX-O0199,13,3
HX-O0199,14,3
HX-O0199,15,4
HX-O0199,16,4
HX-O0199,17,4
HX-O0199,18,4
HX-O0200,1,1
HX-O0200,2,1
HX-O0200,3,1
HX-O0200,4,1
HX-O0200,5,2
HX-O0200,6,2
HX-O0200,7,2
HX-O0200,8,2
HX-O0200,9,3
HX-O0200,10,3
HX-O0200,11,3
HX-O0200,12,4
HX-O0200,13,4
HX-O0200,14,4
HX-O0200,15,4
HX-O0200,16,5
HX-O0200,17,5
HX-O0200,18,5
HX-O0201,1,1
HX-O0201,2,1
HX-O0201,3,1
HX-O0201,4,1
HX-O0201,5,2
HX-O0201,6,2
HX-O0201,7,2
HX-O0201,8,2
HX-O0201,9,3
HX-O0201,10,3
HX-O0201,11,3
HX-O0201,12,4
HX-O0201,13,4
HX-O0201,14,4
HX-O0201,15,4
HX-O0201,16,5
HX-O0201,17,5
HX-O0201,18,5
HX-O0202,1,1
HX-O0202,2,1
HX-O0202,3,1
HX-O0202,4,1
HX-O0202,5,2
HX-O0202,6,2
HX-O0202,7,2
HX-O0202,8,2
HX-O0202,9,3
HX-O0202,10,3
HX-O0202,11,3
HX-O0202,12,4
HX-O0202,13,4
HX-O0202,14,4
HX-O0202,15,4
HX-O0202,16,5
HX-O0202,17,5
HX-O0202,18,5
HX-O0203,1,1
HX-O0203,2,1
HX-O0203,3,1
HX-O0203,4,1
HX-O0203,5,1
HX-O0203,6,1
HX-O0203,7,2
HX-O0203,8,2
HX-O0203,9,2
HX-O0203,10,2
HX-O0203,11,2
HX-O0203,12,2
HX-O0203,13,3
HX-O0203,14,3
HX-O0203,15,3
HX-O0203,16,3
HX-O0203,17,3
HX-O0203,18,3
HX-O0204,1,1
HX-O0204,2,1
HX-O0204,3,1
HX-O0204,4,1
HX-O0204,5,1
HX-O0204,6,1
HX-O0204,7,1
HX-O0204,8,1
HX-O0204,9,1
HX-O0204,10,2
HX-O0204,11,2
HX-O0204,12,2
HX-O0204,13,2
HX-O0204,14,2
HX-O0204,15,2
HX-O0204,16,2
HX-O0204,17,2
HX-O0204,18,2
HX-O0205,1,1
HX-O0205,2,1
HX-O0205,3,1
HX-O0205,4,1
HX-O0205,5,1
HX-O0205,6,1
HX-O0205,7,2
HX-O0205,8,2
HX-O0205,9,2
HX-O0205,10,2
HX-O0205,11,2
HX-O0205,12,2
HX-O0205,13,3
HX-O0205,14,3
HX-O0205,15,3
HX-O0205,16,3
HX-O0205,17,3
HX-O0205,18,3
HX-O0206,1,1
HX-O0206,2,1
HX-O0206,3,1
HX-O0206,4,1
HX-O0206,5,1
HX-O0206,6,1
HX-O0206,7,2
HX-O0206,8,2
HX-O0206,9,2
HX-O0206,10,2
HX-O0206,11,2
HX-O0206,12,2
HX-O0206,13,3
HX-O0206,14,3
HX-O0206,15,3
HX-O0206,16,3
HX-O0206,17,3
HX-O0206,18,3
HX-O0207,1,1
HX-O0207,2,1
HX-O0207,3,1
HX-O0207,4,1
HX-O0207,5,1
HX-O0207,6,2
HX-O0207,7,2
HX-O0207,8,2
HX-O0207,9,2
HX-O0207,10,3
HX-O0207,11,3
HX-O0207,12,3
HX-O0207,13,3
HX-O0207,14,3
HX-O0207,15,4
HX-O0207,16,4
HX-O0207,17,4
HX-O0207,18,4
HX-O0208,1,1
HX-O0208,2,1
HX-O0208,3,1
HX-O0208,4,1
HX-O0208,5,1
HX-O0208,6,1
HX-O0208,7,1
HX-O0208,8,1
HX-O0208,9,1
HX-O0208,10,2
HX-O0208,11,2
HX-O0208,12,2
HX-O0208,13,2
HX-O0208,14,2
HX-O0208,15,2
HX-O0208,16,2
HX-O0208,17,2
HX-O0208,18,2
HX-O0209,1,1
HX-O0209,2,1
HX-O0209,3,1
HX-O0209,4,1
HX-O0209,5,1
HX-O0209,6,1
HX-O0209,7,2
HX-O0209,8,2
HX-O0209,9,2
HX-O0209,10,2
HX-O0209,11,2
HX-O0209,12,2
HX-O0209,13,3
HX-O0209,14,3
HX-O0209,15,3
HX-O0209,16,3
HX-O0209,17,3
HX-O0209,18,3
HX-O0210,1,1
HX-O0210,2,1
HX-O0210,3,1
HX-O0210,4,1
HX-O0210,5,1
HX-O0210,6,1
HX-O0210,7,1
HX-O0210,8,1
HX-O0210,9,1
HX-O0210,10,1
HX-O0210,11,1
HX-O0210,12,1
HX-O0210,13,1
HX-O0210,14,1
HX-O0210,15,1
HX-O0210,16,1
HX-O0210,17,1
HX-O0210,18,1
HX-O0211,1,1
HX-O0211,2,1
HX-O0211,3,1
HX-O0211,4,1
HX-O0211,5,1
HX-O0211,6,2
HX-O0211,7,2
HX-O0211,8,2
HX-O0211,9,2
HX-O0211,10,3
HX-O0211,11,3
HX-O0211,12,3
HX-O0211,13,3
HX-O0211,14,3
HX-O0211,15,4
HX-O0211,16,4
HX-O0211,17,4
HX-O0211,18,4
HX-O0212,1,1
HX-O0212,2,1
HX-O0212,3,1
HX-O0212,4,1
HX-O0212,5,1
HX-O0212,6,1
HX-O0212,7,1
HX-O0212,8,1
HX-O0212,9,1
HX-O0212,10,1
HX-O0212,11,1
HX-O0212,12,1
HX-O0212,13,1
HX-O0212,14,1
HX-O0212,15,1
HX-O0212,16,1
HX-O0212,17,1
HX-O0212,18,1
HX-O0213,1,1
HX-O0213,2,1
HX-O0213,3,1
HX-O0213,4,1
HX-O0213,5,1
HX-O0213,6,1
HX-O0213,7,1
HX-O0213,8,1
HX-O0213,9,1
HX-O0213,10,2
HX-O0213,11,2
HX-O0213,12,2
HX-O0213,13,2
HX-O0213,14,2
HX-O0213,15,2
HX-O0213,16,2
HX-O0213,17,2
HX-O0213,18,2
HX-O0214,1,1
HX-O0214,2,1
HX-O0214,3,1
HX-O0214,4,1
HX-O0214,5,1
HX-O0214,6,1
HX-O0214,7,1
HX-O0214,8,1
HX-O0214,9,1
HX-O0214,10,1
HX-O0214,11,1
HX-O0214,12,1
HX-O0214,13,1
HX-O0214,14,1
HX-O0214,15,1
HX-O0214,16,1
HX-O0214,17,1
HX-O0214,18,1
HX-O0215,1,1
HX-O0215,2,1
HX-O0215,3,1
HX-O0215,4,1
HX-O0215,5,1
HX-O0215,6,1
HX-O0215,7,1
HX-O0215,8,1
HX-O0215,9,1
HX-O0215,10,2
HX-O0215,11,2
HX-O0215,12,2
HX-O0215,13,2
HX-O0215,14,2
HX-O0215,15,2
HX-O0215,16,2
HX-O0215,17,2
HX-O0215,18,2
HX-O0216,1,1
HX-O0216,2,1
HX-O0216,3,1
HX-O0216,4,1
HX-O0216,5,1
HX-O0216,6,1
HX-O0216,7,2
HX-O0216,8,2
HX-O0216,9,2
HX-O0216,10,2
HX-O0216,11,2
HX-O0216,12,2
HX-O0216,13,3
HX-O0216,14,3
HX-O0216,15,3
HX-O0216,16,3
HX-O0216,17,3
HX-O0216,18,3
HX-O0217,1,1
HX-O0217,2,1
HX-O0217,3,1
HX-O0217,4,1
HX-O0217,5,1
HX-O0217,6,1
HX-O0217,7,2
HX-O0217,8,2
HX-O0217,9,2
HX-O0217,10,2
HX-O0217,11,2
HX-O0217,12,2
HX-O0217,13,3
HX-O0217,14,3
HX-O0217,15,3
HX-O0217,16,3
HX-O0217,17,3
HX-O0217,18,3
HX-O0218,1,1
HX-O0218,2,1
HX-O0218,3,1
HX-O0218,4,1
HX-O0218,5,1
HX-O0218,6,1
HX-O0218,7,1
HX-O0218,8,1
HX-O0218,9,1
HX-O0218,10,1
HX-O0218,11,1
HX-O0218,12,1
HX-O0218,13,1
HX-O0218,14,1
HX-O0218,15,1
HX-O0218,16,1
HX-O0218,17,1
HX-O0218,18,1
HX-O0219,1,1
HX-O0219,2,1
HX-O0219,3,1
HX-O0219,4,1
HX-O0219,5,1
HX-O0219,6,1
HX-O0219,7,1
HX-O0219,8,1
HX-O0219,9,1
HX-O0219,10,1
HX-O0219,11,1
HX-O0219,12,1
HX-O0219,13,1
HX-O0219,14,1
HX-O0219,15,1
HX-O0219,16,1
HX-O0219,17,1
HX-O0219,18,1
HX-O0220,1,1
HX-O0220,2,1
HX-O0220,3,1
HX-O0220,4,1
HX-O0220,5,1
HX-O0220,6,2
HX-O0220,7,2
HX-O0220,8,2
HX-O0220,9,2
HX-O0220,10,3
HX-O0220,11,3
HX-O0220,12,3
HX-O0220,13,3
HX-O0220,14,3
HX-O0220,15,4
HX-O0220,16,4
HX-O0220,17,4
HX-O0220,18,4
HX-O0221,1,1
HX-O0221,2,1
HX-O0221,3,1
HX-O0221,4,1
HX-O0221,5,1
HX-O0221,6,1
HX-O0221,7,1
HX-O0221,8,1
HX-O0221,9,1
HX-O0221,10,1
HX-O0221,11,1
HX-O0221,12,1
HX-O0221,13,1
HX-O0221,14,1
HX-O0221,15,1
HX-O0221,16,1
HX-O0221,17,1
HX-O0221,18,1
HX-O0222,1,1
HX-O0222,2,1
HX-O0222,3,1
HX-O0222,4,1
HX-O0222,5,1
HX-O0222,6,1
HX-O0222,7,2
HX-O0222,8,2
HX-O0222,9,2
HX-O0222,10,2
HX-O0222,11,2
HX-O0222,12,2
HX-O0222,13,3
HX-O0222,14,3
HX-O0222,15,3
HX-O0222,16,3
HX-O0222,17,3
HX-O0222,18,3
HX-O0223,1,1
HX-O0223,2,1
HX-O0223,3,1
HX-O0223,4,1
HX-O0223,5,1
HX-O0223,6,1
HX-O0223,7,1
HX-O0223,8,1
HX-O0223,9,1
HX-O0223,10,2
HX-O0223,11,2
HX-O0223,12,2
HX-O0223,13,2
HX-O0223,14,2
HX-O0223,15,2
HX-O0223,16,2
HX-O0223,17,2
HX-O0223,18,2
HX-O0224,1,1
HX-O0224,2,1
HX-O0224,3,1
HX-O0224,4,1
HX-O0224,5,1
HX-O0224,6,1
HX-O0224,7,2
HX-O0224,8,2
HX-O0224,9,2
HX-O0224,10,2
HX-O0224,11,2
HX-O0224,12,2
HX-O0224,13,3
HX-O0224,14,3
HX-O0224,15,3
HX-O0224,16,3
HX-O0224,17,3
HX-O0224,18,3
HX-O0225,1,1
HX-O0225,2,1
HX-O0225,3,1
HX-O0225,4,1
HX-O0225,5,1
HX-O0225,6,1
HX-O0225,7,1
HX-O0225,8,1
HX-O0225,9,1
HX-O0225,10,1
HX-O0225,11,1
HX-O0225,12,1
HX-O0225,13,1
HX-O0225,14,1
HX-O0225,15,1
HX-O0225,16,1
HX-O0225,17,1
HX-O0225,18,1
HX-O0226,1,1
HX-O0226,2,1
HX-O0226,3,1
HX-O0226,4,1
HX-O0226,5,1
HX-O0226,6,1
HX-O0226,7,2
HX-O0226,8,2
HX-O0226,9,2
HX-O0226,10,2
HX-O0226,11,2
HX-O0226,12,2
HX-O0226,13,3
HX-O0226,14,3
HX-O0226,15,3
HX-O0226,16,3
HX-O0226,17,3
HX-O0226,18,3
HX-O0227,1,1
HX-O0227,2,1
HX-O0227,3,1
HX-O0227,4,1
HX-O0227,5,2
HX-O0227,6,2
HX-O0227,7,2
HX-O0227,8,2
HX-O0227,9,3
HX-O0227,10,3
HX-O0227,11,3
HX-O0227,12,4
HX-O0227,13,4
HX-O0227,14,4
HX-O0227,15,4
HX-O0227,16,5
HX-O0227,17,5
HX-O0227,18,5
HX-O0228,1,1
HX-O0228,2,1
HX-O0228,3,1
HX-O0228,4,1
HX-O0228,5,1
HX-O0228,6,1
HX-O0228,7,1
HX-O0228,8,1
HX-O0228,9,1
HX-O0228,10,1
HX-O0228,11,1
HX-O0228,12,1
HX-O0228,13,1
HX-O0228,14,1
HX-O0228,15,1
HX-O0228,16,1
HX-O0228,17,1
HX-O0228,18,1
HX-O0229,1,1
HX-O0229,2,1
HX-O0229,3,1
HX-O0229,4,1
HX-O0229,5,1
HX-O0229,6,1
HX-O0229,7,2
HX-O0229,8,2
HX-O0229,9,2
HX-O0229,10,2
HX-O0229,11,2
HX-O0229,12,2
HX-O0229,13,3
HX-O0229,14,3
HX-O0229,15,3
HX-O0229,16,3
HX-O0229,17,3
HX-O0229,18,3
HX-O0230,1,1
HX-O0230,2,1
HX-O0230,3,1
HX-O0230,4,1
HX-O0230,5,1
HX-O0230,6,1
HX-O0230,7,1
HX-O0230,8,1
HX-O0230,9,1
HX-O0230,10,2
HX-O0230,11,2
HX-O0230,12,2
HX-O0230,13,2
HX-O0230,14,2
HX-O0230,15,2
HX-O0230,16,2
HX-O0230,17,2
HX-O0230,18,2
HX-O0231,1,1
HX-O0231,2,1
HX-O0231,3,1
HX-O0231,4,1
HX-O0231,5,1
HX-O0231,6,2
HX-O0231,7,2
HX-O0231,8,2
HX-O0231,9,2
HX-O0231,10,3
HX-O0231,11,3
HX-O0231,12,3
HX-O0231,13,3
HX-O0231,14,3
HX-O0231,15,4
HX-O0231,16,4
HX-O0231,17,4
HX-O0231,18,4
HX-O0232,1,1
HX-O0232,2,1
HX-O0232,3,1
HX-O0232,4,1
HX-O0232,5,1
HX-O0232,6,1
HX-O0232,7,1
HX-O0232,8,1
HX-O0232,9,1
HX-O0232,10,2
HX-O0232,11,2
HX-O0232,12,2
HX-O0232,13,2
HX-O0232,14,2
HX-O0232,15,2
HX-O0232,16,2
HX-O0232,17,2
HX-O0232,18,2
HX-O0233,1,1
HX-O0233,2,1
HX-O0233,3,1
HX-O0233,4,1
HX-O0233,5,1
HX-O0233,6,1
HX-O0233,7,1
HX-O0233,8,1
HX-O0233,9,1
HX-O0233,10,1
HX-O0233,11,1
HX-O0233,12,1
HX-O0233,13,1
HX-O0233,14,1
HX-O0233,15,1
HX-O0233,16,1
HX-O0233,17,1
HX-O0233,18,1
HX-O0234,1,1
HX-O0234,2,1
HX-O0234,3,1
HX-O0234,4,1
HX-O0234,5,1
HX-O0234,6,1
HX-O0234,7,1
HX-O0234,8,1
HX-O0234,9,1
HX-O0234,10,2
HX-O0234,11,2
HX-O0234,12,2
HX-O0234,13,2
HX-O0234,14,2
HX-O0234,15,2
HX-O0234,16,2
HX-O0234,17,2
HX-O0234,18,2
HX-O0235,1,1
HX-O0235,2,1
HX-O0235,3,1
HX-O0235,4,1
HX-O0235,5,1
HX-O0235,6,1
HX-O0235,7,2
HX-O0235,8,2
HX-O0235,9,2
HX-O0235,10,2
HX-O0235,11,2
HX-O0235,12,2
HX-O0235,13,3
HX-O0235,14,3
HX-O0235,15,3
HX-O0235,16,3
HX-O0235,17,3
HX-O0235,18,3
HX-O0236,1,1
HX-O0236,2,1
HX-O0236,3,1
HX-O0236,4,1
HX-O0236,5,1
HX-O0236,6,1
HX-O0236,7,2
HX-O0236,8,2
HX-O0236,9,2
HX-O0236,10,2
HX-O0236,11,2
HX-O0236,12,2
HX-O0236,13,3
HX-O0236,14,3
HX-O0236,15,3
HX-O0236,16,3
HX-O0236,17,3
HX-O0236,18,3
HX-O0237,1,1
HX-O0237,2,1
HX-O0237,3,1
HX-O0237,4,1
HX-O0237,5,1
HX-O0237,6,1
HX-O0237,7,2
HX-O0237,8,2
HX-O0237,9,2
HX-O0237,10,2
HX-O0237,11,2
HX-O0237,12,2
HX-O0237,13,3
HX-O0237,14,3
HX-O0237,15,3
HX-O0237,16,3
HX-O0237,17,3
HX-O0237,18,3
HX-O0238,1,1
HX-O0238,2,1
HX-O0238,3,1
HX-O0238,4,1
HX-O0238,5,2
HX-O0238,6,2
HX-O0238,7,2
HX-O0238,8,2
HX-O0238,9,3
HX-O0238,10,3
HX-O0238,11,3
HX-O0238,12,4
HX-O0238,13,4
HX-O0238,14,4
HX-O0238,15,4
HX-O0238,16,5
HX-O0238,17,5
HX-O0238,18,5
HX-O0239,1,1
HX-O0239,2,1
HX-O0239,3,1
HX-O0239,4,1
HX-O0239,5,2
HX-O0239,6,2
HX-O0239,7,2
HX-O0239,8,2
HX-O0239,9,3
HX-O0239,10,3
HX-O0239,11,3
HX-O0239,12,4
HX-O0239,13,4
HX-O0239,14,4
HX-O0239,15,4
HX-O0239,16,5
HX-O0239,17,5
HX-O0239,18,5
HX-O0240,1,1
HX-O0240,2,1
HX-O0240,3,1
HX-O0240,4,1
HX-O0240,5,2
HX-O0240,6,2
HX-O0240,7,2
HX-O0240,8,2
HX-O0240,9,3
HX-O0240,10,3
HX-O0240,11,3
HX-O0240,12,4
HX-O0240,13,4
HX-O0240,14,4
HX-O0240,15,4
HX-O0240,16,5
HX-O0240,17,5
HX-O0240,18,5
HX-O0241,1,1
HX-O0241,2,1
HX-O0241,3,1
HX-O0241,4,1
HX-O0241,5,1
HX-O0241,6,1
HX-O0241,7,2
HX-O0241,8,2
HX-O0241,9,2
HX-O0241,10,2
HX-O0241,11,2
HX-O0241,12,2
HX-O0241,13,3
HX-O0241,14,3
HX-O0241,15,3
HX-O0241,16,3
HX-O0241,17,3
HX-O0241,18,3
HX-O0242,1,1
HX-O0242,2,1
HX-O0242,3,1
HX-O0242,4,1
HX-O0242,5,1
HX-O0242,6,1
HX-O0242,7,1
HX-O0242,8,1
HX-O0242,9,1
HX-O0242,10,1
HX-O0242,11,1
HX-O0242,12,1
HX-O0242,13,1
HX-O0242,14,1
HX-O0242,15,1
HX-O0242,16,1
HX-O0242,17,1
HX-O0242,18,1
HX-O0243,1,1
HX-O0243,2,1
HX-O0243,3,1
HX-O0243,4,1
HX-O0243,5,1
HX-O0243,6,1
HX-O0243,7,2
HX-O0243,8,2
HX-O0243,9,2
HX-O0243,10,2
HX-O0243,11,2
HX-O0243,12,2
HX-O0243,13,3
HX-O0243,14,3
HX-O0243,15,3
HX-O0243,16,3
HX-O0243,17,3
HX-O0243,18,3
HX-O0244,1,1
HX-O0244,2,1
HX-O0244,3,1
HX-O0244,4,1
HX-O0244,5,2
HX-O0244,6,2
HX-O0244,7,2
HX-O0244,8,2
HX-O0244,9,3
HX-O0244,10,3
HX-O0244,11,3
HX-O0244,12,4
HX-O0244,13,4
HX-O0244,14,4
HX-O0244,15,4
HX-O0244,16,5
HX-O0244,17,5
HX-O0244,18,5
HX-O0245,1,1
HX-O0245,2,1
HX-O0245,3,1
HX-O0245,4,1
HX-O0245,5,2
HX-O0245,6,2
HX-O0245,7,2
HX-O0245,8,2
HX-O0245,9,3
HX-O0245,10,3
HX-O0245,11,3
HX-O0245,12,4
HX-O0245,13,4
HX-O0245,14,4
HX-O0245,15,4
HX-O0245,16,5
HX-O0245,17,5
HX-O0245,18,5
HX-O0246,1,1
HX-O0246,2,1
HX-O0246,3,1
HX-O0246,4,1
HX-O0246,5,1
HX-O0246,6,1
HX-O0246,7,1
HX-O0246,8,1
HX-O0246,9,1
HX-O0246,10,1
HX-O0246,11,1
HX-O0246,12,1
HX-O0246,13,1
HX-O0246,14,1
HX-O0246,15,1
HX-O0246,16,1
HX-O0246,17,1
HX-O0246,18,1
HX-O0247,1,1
HX-O0247,2,1
HX-O0247,3,1
HX-O0247,4,1
HX-O0247,5,1
HX-O0247,6,1
HX-O0247,7,2
HX-O0247,8,2
HX-O0247,9,2
HX-O0247,10,2
HX-O0247,11,2
HX-O0247,12,2
HX-O0247,13,3
HX-O0247,14,3
HX-O0247,15,3
HX-O0247,16,3
HX-O0247,17,3
HX-O0247,18,3
HX-O0248,1,1
HX-O0248,2,1
HX-O0248,3,1
HX-O0248,4,1
HX-O0248,5,1
HX-O0248,6,1
HX-O0248,7,1
HX-O0248,8,1
HX-O0248,9,1
HX-O0248,10,2
HX-O0248,11,2
HX-O0248,12,2
HX-O0248,13,2
HX-O0248,14,2
HX-O0248,15,2
HX-O0248,16,2
HX-O0248,17,2
HX-O0248,18,2
HX-O0249,1,1
HX-O0249,2,1
HX-O0249,3,1
HX-O0249,4,1
HX-O0249,5,1
HX-O0249,6,1
HX-O0249,7,1
HX-O0249,8,1
HX-O0249,9,1
HX-O0249,10,2
HX-O0249,11,2
HX-O0249,12,2
HX-O0249,13,2
HX-O0249,14,2
HX-O0249,15,2
HX-O0249,16,2
HX-O0249,17,2
HX-O0249,18,2
HX-O0250,1,1
HX-O0250,2,1
HX-O0250,3,1
HX-O0250,4,1
HX-O0250,5,1
HX-O0250,6,2
HX-O0250,7,2
HX-O0250,8,2
HX-O0250,9,2
HX-O0250,10,3
HX-O0250,11,3
HX-O0250,12,3
HX-O0250,13,3
HX-O0250,14,3
HX-O0250,15,4
HX-O0250,16,4
HX-O0250,17,4
HX-O0250,18,4
HX-O0251,1,1
HX-O0251,2,1
HX-O0251,3,1
HX-O0251,4,1
HX-O0251,5,2
HX-O0251,6,2
HX-O0251,7,2
HX-O0251,8,2
HX-O0251,9,3
HX-O0251,10,3
HX-O0251,11,3
HX-O0251,12,4
HX-O0251,13,4
HX-O0251,14,4
HX-O0251,15,4
HX-O0251,16,5
HX-O0251,17,5
HX-O0251,18,5
HX-O0252,1,1
HX-O0252,2,1
HX-O0252,3,1
HX-O0252,4,1
HX-O0252,5,1
HX-O0252,6,1
HX-O0252,7,1
HX-O0252,8,1
HX-O0252,9,1
HX-O0252,10,1
HX-O0252,11,1
HX-O0252,12,1
HX-O0252,13,1
HX-O0252,14,1
HX-O0252,15,1
HX-O0252,16,1
HX-O0252,17,1
HX-O0252,18,1
HX-O0253,1,1
HX-O0253,2,1
HX-O0253,3,1
HX-O0253,4,1
HX-O0253,5,2
HX-O0253,6,2
HX-O0253,7,2
HX-O0253,8,2
HX-O0253,9,3
HX-O0253,10,3
HX-O0253,11,3
HX-O0253,12,4
HX-O0253,13,4
HX-O0253,14,4
HX-O0253,15,4
HX-O0253,16,5
HX-O0253,17,5
HX-O0253,18,5
HX-O0254,1,1
HX-O0254,2,1
HX-O0254,3,1
HX-O0254,4,1
HX-O0254,5,1
HX-O0254,6,1
HX-O0254,7,1
HX-O0254,8,1
HX-O0254,9,1
HX-O0254,10,2
HX-O0254,11,2
HX-O0254,12,2
HX-O0254,13,2
HX-O0254,14,2
HX-O0254,15,2
HX-O0254,16,2
HX-O0254,17,2
HX-O0254,18,2
HX-O0255,1,1
HX-O0255,2,1
HX-O0255,3,1
HX-O0255,4,1
HX-O0255,5,1
HX-O0255,6,1
HX-O0255,7,1
HX-O0255,8,1
HX-O0255,9,1
HX-O0255,10,1
HX-O0255,11,1
HX-O0255,12,1
HX-O0255,13,1
HX-O0255,14,1
HX-O0255,15,1
HX-O0255,16,1
HX-O0255,17,1
HX-O0255,18,1
HX-O0256,1,1
HX-O0256,2,1
HX-O0256,3,1
HX-O0256,4,1
HX-O0256,5,1
HX-O0256,6,2
HX-O0256,7,2
HX-O0256,8,2
HX-O0256,9,2
HX-O0256,10,3
HX-O0256,11,3
HX-O0256,12,3
HX-O0256,13,3
HX-O0256,14,3
HX-O0256,15,4
HX-O0256,16,4
HX-O0256,17,4
HX-O0256,18,4
HX-O0257,1,1
HX-O0257,2,1
HX-O0257,3,1
HX-O0257,4,1
HX-O0257,5,2
HX-O0257,6,2
HX-O0257,7,2
HX-O0257,8,2
HX-O0257,9,3
HX-O0257,10,3
HX-O0257,11,3
HX-O0257,12,4
HX-O0257,13,4
HX-O0257,14,4
HX-O0257,15,4
HX-O0257,16,5
HX-O0257,17,5
HX-O0257,18,5
HX-O0258,1,1
HX-O0258,2,1
HX-O0258,3,1
HX-O0258,4,1
HX-O0258,5,1
HX-O0258,6,2
HX-O0258,7,2
HX-O0258,8,2
HX-O0258,9,2
HX-O0258,10,3
HX-O0258,11,3
HX-O0258,12,3
HX-O0258,13,3
HX-O0258,14,3
HX-O0258,15,4
HX-O0258,16,4
HX-O0258,17,4
HX-O0258,18,4
HX-O0259,1,1
HX-O0259,2,1
HX-O0259,3,1
HX-O0259,4,1
HX-O0259,5,1
HX-O0259,6,1
HX-O0259,7,2
HX-O0259,8,2
HX-O0259,9,2
HX-O0259,10,2
HX-O0259,11,2
HX-O0259,12,2
HX-O0259,13,3
HX-O0259,14,3
HX-O0259,15,3
HX-O0259,16,3
HX-O0259,17,3
HX-O0259,18,3
HX-O0260,1,1
HX-O0260,2,1
HX-O0260,3,1
HX-O0260,4,1
HX-O0260,5,2
HX-O0260,6,2
HX-O0260,7,2
HX-O0260,8,2
HX-O0260,9,3
HX-O0260,10,3
HX-O0260,11,3
HX-O0260,12,4
HX-O0260,13,4
HX-O0260,14,4
HX-O0260,15,4
HX-O0260,16,5
HX-O0260,17,5
HX-O0260,18,5
HX-O0261,1,1
HX-O0261,2,1
HX-O0261,3,1
HX-O0261,4,1
HX-O0261,5,1
HX-O0261,6,1
HX-O0261,7,1
HX-O0261,8,1
HX-O0261,9,1
HX-O0261,10,1
HX-O0261,11,1
HX-O0261,12,1
HX-O0261,13,1
HX-O0261,14,1
HX-O0261,15,1
HX-O0261,16,1
HX-O0261,17,1
HX-O0261,18,1
HX-O0262,1,1
HX-O0262,2,1
HX-O0262,3,1
HX-O0262,4,1
HX-O0262,5,1
HX-O0262,6,1
HX-O0262,7,2
HX-O0262,8,2
HX-O0262,9,2
HX-O0262,10,2
HX-O0262,11,2
HX-O0262,12,2
HX-O0262,13,3
HX-O0262,14,3
HX-O0262,15,3
HX-O0262,16,3
HX-O0262,17,3
HX-O0262,18,3
HX-O0263,1,1
HX-O0263,2,1
HX-O0263,3,1
HX-O0263,4,1
HX-O0263,5,1
HX-O0263,6,1
HX-O0263,7,1
HX-O0263,8,1
HX-O0263,9,1
HX-O0263,10,2
HX-O0263,11,2
HX-O0263,12,2
HX-O0263,13,2
HX-O0263,14,2
HX-O0263,15,2
HX-O0263,16,2
HX-O0263,17,2
HX-O0263,18,2
HX-O0264,1,1
HX-O0264,2,1
HX-O0264,3,1
HX-O0264,4,1
HX-O0264,5,2
HX-O0264,6,2
HX-O0264,7,2
HX-O0264,8,2
HX-O0264,9,3
HX-O0264,10,3
HX-O0264,11,3
HX-O0264,12,4
HX-O0264,13,4
HX-O0264,14,4
HX-O0264,15,4
HX-O0264,16,5
HX-O0264,17,5
HX-O0264,18,5
HX-O0265,1,1
HX-O0265,2,1
HX-O0265,3,1
HX-O0265,4,1
HX-O0265,5,1
HX-O0265,6,2
HX-O0265,7,2
HX-O0265,8,2
HX-O0265,9,2
HX-O0265,10,3
HX-O0265,11,3
HX-O0265,12,3
HX-O0265,13,3
HX-O0265,14,3
HX-O0265,15,4
HX-O0265,16,4
HX-O0265,17,4
HX-O0265,18,4
HX-O0266,1,1
HX-O0266,2,1
HX-O0266,3,1
HX-O0266,4,1
HX-O0266,5,1
HX-O0266,6,1
HX-O0266,7,2
HX-O0266,8,2
HX-O0266,9,2
HX-O0266,10,2
HX-O0266,11,2
HX-O0266,12,2
HX-O0266,13,3
HX-O0266,14,3
HX-O0266,15,3
HX-O0266,16,3
HX-O0266,17,3
HX-O0266,18,3
HX-O0267,1,1
HX-O0267,2,1
HX-O0267,3,1
HX-O0267,4,1
HX-O0267,5,1
HX-O0267,6,1
HX-O0267,7,2
HX-O0267,8,2
HX-O0267,9,2
HX-O0267,10,2
HX-O0267,11,2
HX-O0267,12,2
HX-O0267,13,3
HX-O0267,14,3
HX-O0267,15,3
HX-O0267,16,3
HX-O0267,17,3
HX-O0267,18,3
HX-O0268,1,1
HX-O0268,2,1
HX-O0268,3,1
HX-O0268,4,1
HX-O0268,5,1
HX-O0268,6,1
HX-O0268,7,1
HX-O0268,8,1
HX-O0268,9,1
HX-O0268,10,2
HX-O0268,11,2
HX-O0268,12,2
HX-O0268,13,2
HX-O0268,14,2
HX-O0268,15,2
HX-O0268,16,2
HX-O0268,17,2
HX-O0268,18,2
HX-O0269,1,1
HX-O0269,2,1
HX-O0269,3,1
HX-O0269,4,1
HX-O0269,5,1
HX-O0269,6,2
HX-O0269,7,2
HX-O0269,8,2
HX-O0269,9,2
HX-O0269,10,3
HX-O0269,11,3
HX-O0269,12,3
HX-O0269,13,3
HX-O0269,14,3
HX-O0269,15,4
HX-O0269,16,4
HX-O0269,17,4
HX-O0269,18,4
HX-O0270,1,1
HX-O0270,2,1
HX-O0270,3,1
HX-O0270,4,1
HX-O0270,5,1
HX-O0270,6,1
HX-O0270,7,1
HX-O0270,8,1
HX-O0270,9,1
HX-O0270,10,1
HX-O0270,11,1
HX-O0270,12,1
HX-O0270,13,1
HX-O0270,14,1
HX-O0270,15,1
HX-O0270,16,1
HX-O0270,17,1
HX-O0270,18,1
HX-O0271,1,1
HX-O0271,2,1
HX-O0271,3,1
HX-O0271,4,1
HX-O0271,5,2
HX-O0271,6,2
HX-O0271,7,2
HX-O0271,8,2
HX-O0271,9,3
HX-O0271,10,3
HX-O0271,11,3
HX-O0271,12,4
HX-O0271,13,4
HX-O0271,14,4
HX-O0271,15,4
HX-O0271,16,5
HX-O0271,17,5
HX-O0271,18,5
HX-O0272,1,1
HX-O0272,2,1
HX-O0272,3,1
HX-O0272,4,1
HX-O0272,5,1
HX-O0272,6,1
HX-O0272,7,2
HX-O0272,8,2
HX-O0272,9,2
HX-O0272,10,2
HX-O0272,11,2
HX-O0272,12,2
HX-O0272,13,3
HX-O0272,14,3
HX-O0272,15,3
HX-O0272,16,3
HX-O0272,17,3
HX-O0272,18,3
HX-O0273,1,1
HX-O0273,2,1
HX-O0273,3,1
HX-O0273,4,1
HX-O0273,5,1
HX-O0273,6,1
HX-O0273,7,2
HX-O0273,8,2
HX-O0273,9,2
HX-O0273,10,2
HX-O0273,11,2
HX-O0273,12,2
HX-O0273,13,3
HX-O0273,14,3
HX-O0273,15,3
HX-O0273,16,3
HX-O0273,17,3
HX-O0273,18,3
HX-O0274,1,1
HX-O0274,2,1
HX-O0274,3,1
HX-O0274,4,1
HX-O0274,5,1
HX-O0274,6,1
HX-O0274,7,1
HX-O0274,8,1
HX-O0274,9,1
HX-O0274,10,1
HX-O0274,11,1
HX-O0274,12,1
HX-O0274,13,1
HX-O0274,14,1
HX-O0274,15,1
HX-O0274,16,1
HX-O0274,17,1
HX-O0274,18,1
HX-O0275,1,1
HX-O0275,2,1
HX-O0275,3,1
HX-O0275,4,1
HX-O0275,5,1
HX-O0275,6,2
HX-O0275,7,2
HX-O0275,8,2
HX-O0275,9,2
HX-O0275,10,3
HX-O0275,11,3
HX-O0275,12,3
HX-O0275,13,3
HX-O0275,14,3
HX-O0275,15,4
HX-O0275,16,4
HX-O0275,17,4
HX-O0275,18,4
HX-O0276,1,1
HX-O0276,2,1
HX-O0276,3,1
HX-O0276,4,1
HX-O0276,5,1
HX-O0276,6,2
HX-O0276,7,2
HX-O0276,8,2
HX-O0276,9,2
HX-O0276,10,3
HX-O0276,11,3
HX-O0276,12,3
HX-O0276,13,3
HX-O0276,14,3
HX-O0276,15,4
HX-O0276,16,4
HX-O0276,17,4
HX-O0276,18,4
HX-O0277,1,1
HX-O0277,2,1
HX-O0277,3,1
HX-O0277,4,1
HX-O0277,5,2
HX-O0277,6,2
HX-O0277,7,2
HX-O0277,8,2
HX-O0277,9,3
HX-O0277,10,3
HX-O0277,11,3
HX-O0277,12,4
HX-O0277,13,4
HX-O0277,14,4
HX-O0277,15,4
HX-O0277,16,5
HX-O0277,17,5
HX-O0277,18,5
HX-O0278,1,1
HX-O0278,2,1
HX-O0278,3,1
HX-O0278,4,1
HX-O0278,5,1
HX-O0278,6,1
HX-O0278,7,2
HX-O0278,8,2
HX-O0278,9,2
HX-O0278,10,2
HX-O0278,11,2
HX-O0278,12,2
HX-O0278,13,3
HX-O0278,14,3
HX-O0278,15,3
HX-O0278,16,3
HX-O0278,17,3
HX-O0278,18,3
HX-O0279,1,1
HX-O0279,2,1
HX-O0279,3,1
HX-O0279,4,1
HX-O0279,5,2
HX-O0279,6,2
HX-O0279,7,2
HX-O0279,8,2
HX-O0279,9,3
HX-O0279,10,3
HX-O0279,11,3
HX-O0279,12,4
HX-O0279,13,4
HX-O0279,14,4
HX-O0279,15,4
HX-O0279,16,5
HX-O0279,17,5
HX-O0279,18,5
HX-O0280,1,1
HX-O0280,2,1
HX-O0280,3,1
HX-O0280,4,1
HX-O0280,5,1
HX-O0280,6,1
HX-O0280,7,2
HX-O0280,8,2
HX-O0280,9,2
HX-O0280,10,2
HX-O0280,11,2
HX-O0280,12,2
HX-O0280,13,3
HX-O0280,14,3
HX-O0280,15,3
HX-O0280,16,3
HX-O0280,17,3
HX-O0280,18,3
HX-O0281,1,1
HX-O0281,2,1
HX-O0281,3,1
HX-O0281,4,1
HX-O0281,5,1
HX-O0281,6,2
HX-O0281,7,2
HX-O0281,8,2
HX-O0281,9,2
HX-O0281,10,3
HX-O0281,11,3
HX-O0281,12,3
HX-O0281,13,3
HX-O0281,14,3
HX-O0281,15,4
HX-O0281,16,4
HX-O0281,17,4
HX-O0281,18,4
HX-O0282,1,1
HX-O0282,2,1
HX-O0282,3,1
HX-O0282,4,1
HX-O0282,5,2
HX-O0282,6,2
HX-O0282,7,2
HX-O0282,8,2
HX-O0282,9,3
HX-O0282,10,3
HX-O0282,11,3
HX-O0282,12,4
HX-O0282,13,4
HX-O0282,14,4
HX-O0282,15,4
HX-O0282,16,5
HX-O0282,17,5
HX-O0282,18,5
HX-O0283,1,1
HX-O0283,2,1
HX-O0283,3,1
HX-O0283,4,1
HX-O0283,5,1
HX-O0283,6,1
HX-O0283,7,1
HX-O0283,8,1
HX-O0283,9,1
HX-O0283,10,1
HX-O0283,11,1
HX-O0283,12,1
HX-O0283,13,1
HX-O0283,14,1
HX-O0283,15,1
HX-O0283,16,1
HX-O0283,17,1
HX-O0283,18,1
HX-O0284,1,1
HX-O0284,2,1
HX-O0284,3,1
HX-O0284,4,1
HX-O0284,5,1
HX-O0284,6,1
HX-O0284,7,1
HX-O0284,8,1
HX-O0284,9,1
HX-O0284,10,1
HX-O0284,11,1
HX-O0284,12,1
HX-O0284,13,1
HX-O0284,14,1
HX-O0284,15,1
HX-O0284,16,1
HX-O0284,17,1
HX-O0284,18,1
HX-O0285,1,1
HX-O0285,2,1
HX-O0285,3,1
HX-O0285,4,1
HX-O0285,5,1
HX-O0285,6,1
HX-O0285,7,1
HX-O0285,8,1
HX-O0285,9,1
HX-O0285,10,1
HX-O0285,11,1
HX-O0285,12,1
HX-O0285,13,1
HX-O0285,14,1
HX-O0285,15,1
HX-O0285,16,1
HX-O0285,17,1
HX-O0285,18,1
HX-O0286,1,1
HX-O0286,2,1
HX-O0286,3,1
HX-O0286,4,1
HX-O0286,5,2
HX-O0286,6,2
HX-O0286,7,2
HX-O0286,8,2
HX-O0286,9,3
HX-O0286,10,3
HX-O0286,11,3
HX-O0286,12,4
HX-O0286,13,4
HX-O0286,14,4
HX-O0286,15,4
HX-O0286,16,5
HX-O0286,17,5
HX-O0286,18,5
HX-O0287,1,1
HX-O0287,2,1
HX-O0287,3,1
HX-O0287,4,1
HX-O0287,5,1
HX-O0287,6,1
HX-O0287,7,1
HX-O0287,8,1
HX-O0287,9,1
HX-O0287,10,1
HX-O0287,11,1
HX-O0287,12,1
HX-O0287,13,1
HX-O0287,14,1
HX-O0287,15,1
HX-O0287,16,1
HX-O0287,17,1
HX-O0287,18,1
HX-O0288,1,1
HX-O0288,2,1
HX-O0288,3,1
HX-O0288,4,1
HX-O0288,5,1
HX-O0288,6,1
HX-O0288,7,1
HX-O0288,8,1
HX-O0288,9,1
HX-O0288,10,1
HX-O0288,11,1
HX-O0288,12,1
HX-O0288,13,1
HX-O0288,14,1
HX-O0288,15,1
HX-O0288,16,1
HX-O0288,17,1
HX-O0288,18,1
HX-O0289,1,1
HX-O0289,2,1
HX-O0289,3,1
HX-O0289,4,1
HX-O0289,5,1
HX-O0289,6,2
HX-O0289,7,2
HX-O0289,8,2
HX-O0289,9,2
HX-O0289,10,3
HX-O0289,11,3
HX-O0289,12,3
HX-O0289,13,3
HX-O0289,14,3
HX-O0289,15,4
HX-O0289,16,4
HX-O0289,17,4
HX-O0289,18,4
HX-O0290,1,1
HX-O0290,2,1
HX-O0290,3,1
HX-O0290,4,1
HX-O0290,5,1
HX-O0290,6,1
HX-O0290,7,1
HX-O0290,8,1
HX-O0290,9,1
HX-O0290,10,1
HX-O0290,11,1
HX-O0290,12,1
HX-O0290,13,1
HX-O0290,14,1
HX-O0290,15,1
HX-O0290,16,1
HX-O0290,17,1
HX-O0290,18,1
HX-O0291,1,1
HX-O0291,2,1
HX-O0291,3,1
HX-O0291,4,1
HX-O0291,5,1
HX-O0291,6,1
HX-O0291,7,1
HX-O0291,8,1
HX-O0291,9,1
HX-O0291,10,2
HX-O0291,11,2
HX-O0291,12,2
HX-O0291,13,2
HX-O0291,14,2
HX-O0291,15,2
HX-O0291,16,2
HX-O0291,17,2
HX-O0291,18,2
HX-O0292,1,1
HX-O0292,2,1
HX-O0292,3,1
HX-O0292,4,1
HX-O0292,5,1
HX-O0292,6,1
HX-O0292,7,2
HX-O0292,8,2
HX-O0292,9,2
HX-O0292,10,2
HX-O0292,11,2
HX-O0292,12,2
HX-O0292,13,3
HX-O0292,14,3
HX-O0292,15,3
HX-O0292,16,3
HX-O0292,17,3
HX-O0292,18,3
HX-O0293,1,1
HX-O0293,2,1
HX-O0293,3,1
HX-O0293,4,1
HX-O0293,5,2
HX-O0293,6,2
HX-O0293,7,2
HX-O0293,8,2
HX-O0293,9,3
HX-O0293,10,3
HX-O0293,11,3
HX-O0293,12,4
HX-O0293,13,4
HX-O0293,14,4
HX-O0293,15,4
HX-O0293,16,5
HX-O0293,17,5
HX-O0293,18,5
HX-O0294,1,1
HX-O0294,2,1
HX-O0294,3,1
HX-O0294,4,1
HX-O0294,5,2
HX-O0294,6,2
HX-O0294,7,2
HX-O0294,8,2
HX-O0294,9,3
HX-O0294,10,3
HX-O0294,11,3
HX-O0294,12,4
HX-O0294,13,4
HX-O0294,14,4
HX-O0294,15,4
HX-O0294,16,5
HX-O0294,17,5
HX-O0294,18,5
HX-O0295,1,1
HX-O0295,2,1
HX-O0295,3,1
HX-O0295,4,1
HX-O0295,5,1
HX-O0295,6,2
HX-O0295,7,2
HX-O0295,8,2
HX-O0295,9,2
HX-O0295,10,3
HX-O0295,11,3
HX-O0295,12,3
HX-O0295,13,3
HX-O0295,14,3
HX-O0295,15,4
HX-O0295,16,4
HX-O0295,17,4
HX-O0295,18,4
HX-O0296,1,1
HX-O0296,2,1
HX-O0296,3,1
HX-O0296,4,1
HX-O0296,5,1
HX-O0296,6,1
HX-O0296,7,1
HX-O0296,8,1
HX-O0296,9,1
HX-O0296,10,1
HX-O0296,11,1
HX-O0296,12,1
HX-O0296,13,1
HX-O0296,14,1
HX-O0296,15,1
HX-O0296,16,1
HX-O0296,17,1
HX-O0296,18,1
HX-O0297,1,1
HX-O0297,2,1
HX-O0297,3,1
HX-O0297,4,1
HX-O0297,5,1
HX-O0297,6,1
HX-O0297,7,1
HX-O0297,8,1
HX-O0297,9,1
HX-O0297,10,1
HX-O0297,11,1
HX-O0297,12,1
HX-O0297,13,1
HX-O0297,14,1
HX-O0297,15,1
HX-O0297,16,1
HX-O0297,17,1
HX-O0297,18,1
HX-O0298,1,1
HX-O0298,2,1
HX-O0298,3,1
HX-O0298,4,1
HX-O0298,5,1
HX-O0298,6,1
HX-O0298,7,1
HX-O0298,8,1
HX-O0298,9,1
HX-O0298,10,1
HX-O0298,11,1
HX-O0298,12,1
HX-O0298,13,1
HX-O0298,14,1
HX-O0298,15,1
HX-O0298,16,1
HX-O0298,17,1
HX-O0298,18,1
HX-O0299,1,1
HX-O0299,2,1
HX-O0299,3,1
HX-O0299,4,1
HX-O0299,5,1
HX-O0299,6,1
HX-O0299,7,1
HX-O0299,8,1
HX-O0299,9,1
HX-O0299,10,2
HX-O0299,11,2
HX-O0299,12,2
HX-O0299,13,2
HX-O0299,14,2
HX-O0299,15,2
HX-O0299,16,2
HX-O0299,17,2
HX-O0299,18,2
HX-O0300,1,1
HX-O0300,2,1
HX-O0300,3,1
HX-O0300,4,1
HX-O0300,5,1
HX-O0300,6,2
HX-O0300,7,2
HX-O0300,8,2
HX-O0300,9,2
HX-O0300,10,3
HX-O0300,11,3
HX-O0300,12,3
HX-O0300,13,3
HX-O0300,14,3
HX-O0300,15,4
HX-O0300,16,4
HX-O0300,17,4
HX-O0300,18,4
HX-O0301,1,1
HX-O0301,2,1
HX-O0301,3,1
HX-O0301,4,1
HX-O0301,5,1
HX-O0301,6,2
HX-O0301,7,2
HX-O0301,8,2
HX-O0301,9,2
HX-O0301,10,3
HX-O0301,11,3
HX-O0301,12,3
HX-O0301,13,3
HX-O0301,14,3
HX-O0301,15,4
HX-O0301,16,4
HX-O0301,17,4
HX-O0301,18,4
HX-O0302,1,1
HX-O0302,2,1
HX-O0302,3,1
HX-O0302,4,1
HX-O0302,5,1
HX-O0302,6,1
HX-O0302,7,1
HX-O0302,8,1
HX-O0302,9,1
HX-O0302,10,2
HX-O0302,11,2
HX-O0302,12,2
HX-O0302,13,2
HX-O0302,14,2
HX-O0302,15,2
HX-O0302,16,2
HX-O0302,17,2
HX-O0302,18,2
HX-O0303,1,1
HX-O0303,2,1
HX-O0303,3,1
HX-O0303,4,1
HX-O0303,5,1
HX-O0303,6,2
HX-O0303,7,2
HX-O0303,8,2
HX-O0303,9,2
HX-O0303,10,3
HX-O0303,11,3
HX-O0303,12,3
HX-O0303,13,3
HX-O0303,14,3
HX-O0303,15,4
HX-O0303,16,4
HX-O0303,17,4
HX-O0303,18,4
HX-O0304,1,1
HX-O0304,2,1
HX-O0304,3,1
HX-O0304,4,1
HX-O0304,5,2
HX-O0304,6,2
HX-O0304,7,2
HX-O0304,8,2
HX-O0304,9,3
HX-O0304,10,3
HX-O0304,11,3
HX-O0304,12,4
HX-O0304,13,4
HX-O0304,14,4
HX-O0304,15,4
HX-O0304,16,5
HX-O0304,17,5
HX-O0304,18,5
HX-O0305,1,1
HX-O0305,2,1
HX-O0305,3,1
HX-O0305,4,1
HX-O0305,5,1
HX-O0305,6,1
HX-O0305,7,1
HX-O0305,8,1
HX-O0305,9,1
HX-O0305,10,2
HX-O0305,11,2
HX-O0305,12,2
HX-O0305,13,2
HX-O0305,14,2
HX-O0305,15,2
HX-O0305,16,2
HX-O0305,17,2
HX-O0305,18,2
HX-O0306,1,1
HX-O0306,2,1
HX-O0306,3,1
HX-O0306,4,1
HX-O0306,5,1
HX-O0306,6,1
HX-O0306,7,2
HX-O0306,8,2
HX-O0306,9,2
HX-O0306,10,2
HX-O0306,11,2
HX-O0306,12,2
HX-O0306,13,3
HX-O0306,14,3
HX-O0306,15,3
HX-O0306,16,3
HX-O0306,17,3
HX-O0306,18,3
HX-O0307,1,1
HX-O0307,2,1
HX-O0307,3,1
HX-O0307,4,1
HX-O0307,5,2
HX-O0307,6,2
HX-O0307,7,2
HX-O0307,8,2
HX-O0307,9,3
HX-O0307,10,3
HX-O0307,11,3
HX-O0307,12,4
HX-O0307,13,4
HX-O0307,14,4
HX-O0307,15,4
HX-O0307,16,5
HX-O0307,17,5
HX-O0307,18,5
HX-O0308,1,1
HX-O0308,2,1
HX-O0308,3,1
HX-O0308,4,1
HX-O0308,5,1
HX-O0308,6,1
HX-O0308,7,2
HX-O0308,8,2
HX-O0308,9,2
HX-O0308,10,2
HX-O0308,11,2
HX-O0308,12,2
HX-O0308,13,3
HX-O0308,14,3
HX-O0308,15,3
HX-O0308,16,3
HX-O0308,17,3
HX-O0308,18,3
HX-O0309,1,1
HX-O0309,2,1
HX-O0309,3,1
HX-O0309,4,1
HX-O0309,5,1
HX-O0309,6,1
HX-O0309,7,1
HX-O0309,8,1
HX-O0309,9,1
HX-O0309,10,2
HX-O0309,11,2
HX-O0309,12,2
HX-O0309,13,2
HX-O0309,14,2
HX-O0309,15,2
HX-O0309,16,2
HX-O0309,17,2
HX-O0309,18,2
HX-O0310,1,1
HX-O0310,2,1
HX-O0310,3,1
HX-O0310,4,1
HX-O0310,5,2
HX-O0310,6,2
HX-O0310,7,2
HX-O0310,8,2
HX-O0310,9,3
HX-O0310,10,3
HX-O0310,11,3
HX-O0310,12,4
HX-O0310,13,4
HX-O0310,14,4
HX-O0310,15,4
HX-O0310,16,5
HX-O0310,17,5
HX-O0310,18,5
HX-O0311,1,1
HX-O0311,2,1
HX-O0311,3,1
HX-O0311,4,1
HX-O0311,5,1
HX-O0311,6,2
HX-O0311,7,2
HX-O0311,8,2
HX-O0311,9,2
HX-O0311,10,3
HX-O0311,11,3
HX-O0311,12,3
HX-O0311,13,3
HX-O0311,14,3
HX-O0311,15,4
HX-O0311,16,4
HX-O0311,17,4
HX-O0311,18,4
HX-O0312,1,1
HX-O0312,2,1
HX-O0312,3,1
HX-O0312,4,1
HX-O0312,5,1
HX-O0312,6,1
HX-O0312,7,2
HX-O0312,8,2
HX-O0312,9,2
HX-O0312,10,2
HX-O0312,11,2
HX-O0312,12,2
HX-O0312,13,3
HX-O0312,14,3
HX-O0312,15,3
HX-O0312,16,3
HX-O0312,17,3
HX-O0312,18,3
HX-O0313,1,1
HX-O0313,2,1
HX-O0313,3,1
HX-O0313,4,1
HX-O0313,5,2
HX-O0313,6,2
HX-O0313,7,2
HX-O0313,8,3
HX-O0313,9,3
HX-O0313,10,3
HX-O0314,1,1
HX-O0314,2,1
HX-O0314,3,1
HX-O0314,4,1
HX-O0314,5,2
HX-O0314,6,2
HX-O0314,7,2
HX-O0314,8,3
HX-O0314,9,3
HX-O0314,10,3
HX-O0315,1,1
HX-O0315,2,1
HX-O0315,3,2
HX-O0315,4,2
HX-O0315,5,3
HX-O0315,6,3
HX-O0315,7,4
HX-O0315,8,4
HX-O0315,9,5
HX-O0315,10,5
HX-O0316,1,1
HX-O0316,2,1
HX-O0316,3,1
HX-O0316,4,1
HX-O0316,5,2
HX-O0316,6,2
HX-O0316,7,2
HX-O0316,8,3
HX-O0316,9,3
HX-O0316,10,3
HX-O0317,1,1
HX-O0317,2,1
HX-O0317,3,2
HX-O0317,4,2
HX-O0317,5,3
HX-O0317,6,3
HX-O0317,7,4
HX-O0317,8,4
HX-O0317,9,5
HX-O0317,10,5
HX-O0318,1,1
HX-O0318,2,1
HX-O0318,3,1
HX-O0318,4,1
HX-O0318,5,1
HX-O0318,6,1
HX-O0318,7,1
HX-O0318,8,1
HX-O0318,9,1
HX-O0318,10,1
HX-O0319,1,1
HX-O0319,2,1
HX-O0319,3,1
HX-O0319,4,1
HX-O0319,5,1
HX-O0319,6,2
HX-O0319,7,2
HX-O0319,8,2
HX-O0319,9,2
HX-O0319,10,2
HX-O0320,1,1
HX-O0320,2,1
HX-O0320,3,2
HX-O0320,4,2
HX-O0320,5,3
HX-O0320,6,3
HX-O0320,7,4
HX-O0320,8,4
HX-O0320,9,5
HX-O0320,10,5
