entity_id,parent_id,segment,start_month,contract_term_months,cancellation_for_convenience,base_mrr_cents
AG-E0001,AG-P066,Upper mid-market,2023-06,24,true,277394
AG-E0002,AG-P062,Upper mid-market,2023-03,36,false,494274
AG-E0003,AG-P002,Mid-market,2023-02,12,false,895549
AG-E0004,AG-P041,Mid-market,2021-11,24,false,471153
AG-E0005,AG-P093,Public sector,2022-07,36,false,313561
AG-E0006,AG-P030,Enterprise,2022-09,24,false,162487
AG-E0007,AG-P024,Upper mid-market,2022-05,24,false,388647
AG-E0008,AG-P133,Upper mid-market,2022-02,24,false,186128
AG-E0009,AG-P121,Public sector,2023-07,24,false,332437
AG-E0010,AG-P210,Mid-market,2023-07,12,false,427686
AG-E0011,AG-P028,Public sector,2021-10,24,false,235372
AG-E0012,AG-P134,Mid-market,2022-12,36,false,398818
AG-E0013,AG-P004,Upper mid-market,2023-08,24,false,214740
AG-E0014,AG-P184,Mid-market,2022-06,36,false,265123
AG-E0015,AG-P094,Mid-market,2021-10,36,false,177858
AG-E0016,AG-P169,Mid-market,2023-07,24,false,638905
AG-E0017,AG-P004,Upper mid-market,2022-03,36,false,600471
AG-E0018,AG-P086,Upper mid-market,2021-09,24,true,360369
AG-E0019,AG-P030,Mid-market,2023-04,24,false,386605
AG-E0020,AG-P053,Public sector,2022-04,12,false,367131
AG-E0021,AG-P044,Upper mid-market,2021-11,24,false,201236
AG-E0022,AG-P050,Public sector,2023-02,12,false,291044
AG-E0023,AG-P107,Public sector,2023-07,36,false,129481
AG-E0024,AG-P079,Mid-market,2021-08,24,false,263378
AG-E0025,AG-P061,Public sector,2021-10,24,false,397838
AG-E0026,AG-P008,Mid-market,2021-08,24,false,173676
AG-E0027,AG-P041,Upper mid-market,2023-01,24,false,305983
AG-E0028,AG-P004,Mid-market,2022-10,24,false,418873
AG-E0029,AG-P061,Enterprise,2022-05,24,false,212120
AG-E0030,AG-P113,Public sector,2021-10,24,false,137654
AG-E0031,AG-P033,Upper mid-market,2022-05,12,false,982759
AG-E0032,AG-P032,Upper mid-market,2021-11,24,false,337798
AG-E0033,AG-P205,Public sector,2023-07,12,false,165778
AG-E0034,AG-P045,Mid-market,2023-08,24,false,133883
AG-E0035,AG-P052,Upper mid-market,2021-08,24,true,692831
AG-E0036,AG-P080,Enterprise,2023-01,24,false,318845
AG-E0037,AG-P024,Upper mid-market,2023-08,12,false,211466
AG-E0038,AG-P016,Public sector,2023-05,24,false,381021
AG-E0039,AG-P180,Enterprise,2022-03,36,false,886833
AG-E0040,AG-P024,Mid-market,2022-04,24,false,379025
AG-E0041,AG-P020,Upper mid-market,2022-10,12,false,174221
AG-E0042,AG-P006,Public sector,2022-07,12,false,343865
AG-E0043,AG-P010,Public sector,2023-06,24,false,194681
AG-E0044,AG-P171,Mid-market,2021-12,24,false,148242
AG-E0045,AG-P040,Enterprise,2021-12,24,false,418079
AG-E0046,AG-P190,Public sector,2023-02,36,false,560636
AG-E0047,AG-P043,Mid-market,2021-09,12,false,683797
AG-E0048,AG-P041,Upper mid-market,2022-06,24,false,913819
AG-E0049,AG-P080,Mid-market,2022-10,24,false,89783
AG-E0050,AG-P218,Enterprise,2021-10,12,false,361727
AG-E0051,AG-P091,Enterprise,2022-11,24,false,141312
AG-E0052,AG-P043,Mid-market,2023-08,24,true,553091
AG-E0053,AG-P148,Mid-market,2021-10,12,false,216019
AG-E0054,AG-P007,Upper mid-market,2021-12,36,false,715913
AG-E0055,AG-P026,Enterprise,2022-04,24,false,273420
AG-E0056,AG-P093,Enterprise,2022-02,24,false,583588
AG-E0057,AG-P035,Public sector,2023-01,36,false,935678
AG-E0058,AG-P023,Mid-market,2023-04,12,false,176860
AG-E0059,AG-P158,Public sector,2021-09,24,false,123562
AG-E0060,AG-P148,Public sector,2021-11,12,false,308210
AG-E0061,AG-P080,Upper mid-market,2023-04,24,false,553612
AG-E0062,AG-P158,Mid-market,2022-10,36,false,576141
AG-E0063,AG-P045,Mid-market,2022-12,12,false,867123
AG-E0064,AG-P027,Upper mid-market,2021-08,36,false,297869
AG-E0065,AG-P031,Public sector,2022-08,36,false,554089
AG-E0066,AG-P158,Upper mid-market,2021-08,24,false,192028
AG-E0067,AG-P107,Public sector,2021-09,12,false,311992
AG-E0068,AG-P103,Upper mid-market,2022-05,24,false,500479
AG-E0069,AG-P085,Public sector,2022-05,36,true,103952
AG-E0070,AG-P018,Upper mid-market,2023-02,24,false,201475
AG-E0071,AG-P053,Upper mid-market,2022-11,12,false,261187
AG-E0072,AG-P190,Enterprise,2022-11,24,false,304730
AG-E0073,AG-P160,Mid-market,2023-04,36,false,222353
AG-E0074,AG-P010,Enterprise,2021-08,36,false,342968
AG-E0075,AG-P128,Enterprise,2022-10,24,false,554692
AG-E0076,AG-P179,Mid-market,2021-08,36,false,234256
AG-E0077,AG-P115,Public sector,2023-08,24,false,536611
AG-E0078,AG-P127,Enterprise,2022-03,24,false,427939
AG-E0079,AG-P128,Upper mid-market,2021-09,24,false,109370
AG-E0080,AG-P198,Enterprise,2022-11,24,false,316000
AG-E0081,AG-P007,Upper mid-market,2021-11,36,false,541182
AG-E0082,AG-P219,Enterprise,2022-01,24,false,134793
AG-E0083,AG-P079,Mid-market,2023-02,24,false,176168
AG-E0084,AG-P033,Public sector,2022-05,36,false,374727
AG-E0085,AG-P001,Upper mid-market,2022-08,24,false,156050
AG-E0086,AG-P084,Mid-market,2023-07,24,true,165754
AG-E0087,AG-P041,Upper mid-market,2022-09,24,false,378238
AG-E0088,AG-P072,Public sector,2022-06,24,false,118080
AG-E0089,AG-P043,Enterprise,2021-08,36,false,216228
AG-E0090,AG-P032,Upper mid-market,2021-09,24,false,165179
AG-E0091,AG-P140,Mid-market,2022-12,36,false,124611
AG-E0092,AG-P068,Upper mid-market,2023-05,12,false,207229
AG-E0093,AG-P045,Mid-market,2023-05,24,false,106784
AG-E0094,AG-P062,Mid-market,2022-03,24,false,85000
AG-E0095,AG-P094,Mid-market,2021-09,12,false,203738
AG-E0096,AG-P055,Enterprise,2023-03,12,false,439625
AG-E0097,AG-P023,Enterprise,2022-12,36,false,814842
AG-E0098,AG-P113,Mid-market,2021-10,12,false,477593
AG-E0099,AG-P035,Upper mid-market,2022-02,36,false,233779
AG-E0100,AG-P086,Enterprise,2021-11,24,false,646463
AG-E0101,AG-P024,Upper mid-market,2022-11,36,false,159881
AG-E0102,AG-P104,Upper mid-market,2022-04,36,false,269537
AG-E0103,AG-P080,Upper mid-market,2021-11,36,true,203216
AG-E0104,AG-P008,Public sector,2023-05,12,false,2434758
AG-E0105,AG-P090,Upper mid-market,2022-08,36,false,123124
AG-E0106,AG-P084,Mid-market,2022-04,36,false,370168
AG-E0107,AG-P093,Enterprise,2022-06,24,false,191307
AG-E0108,AG-P055,Mid-market,2022-01,12,false,85000
AG-E0109,AG-P080,Enterprise,2021-11,36,false,85000
AG-E0110,AG-P158,Mid-market,2022-08,36,false,342033
AG-E0111,AG-P138,Mid-market,2023-06,36,false,231830
AG-E0112,AG-P045,Upper mid-market,2021-10,24,false,206027
AG-E0113,AG-P061,Upper mid-market,2022-11,36,false,515955
AG-E0114,AG-P029,Public sector,2021-09,24,false,202758
AG-E0115,AG-P031,Mid-market,2022-10,24,false,506470
AG-E0116,AG-P021,Public sector,2022-08,24,false,271031
AG-E0117,AG-P184,Upper mid-market,2022-08,36,false,261493
AG-E0118,AG-P027,Upper mid-market,2023-01,24,false,248462
AG-E0119,AG-P158,Mid-market,2022-06,36,false,88940
AG-E0120,AG-P024,Upper mid-market,2023-03,36,true,262506
AG-E0121,AG-P163,Enterprise,2023-03,12,false,174627
AG-E0122,AG-P107,Public sector,2021-11,24,false,384407
AG-E0123,AG-P110,Enterprise,2022-02,24,false,222825
AG-E0124,AG-P112,Mid-market,2022-04,24,false,275149
AG-E0125,AG-P085,Mid-market,2022-02,24,false,369928
AG-E0126,AG-P040,Enterprise,2021-10,36,false,406191
AG-E0127,AG-P080,Enterprise,2021-08,36,false,269092
AG-E0128,AG-P002,Enterprise,2021-08,36,false,500276
AG-E0129,AG-P014,Mid-market,2022-01,36,false,129009
AG-E0130,AG-P079,Mid-market,2023-03,24,false,440163
AG-E0131,AG-P102,Upper mid-market,2021-08,36,false,428680
AG-E0132,AG-P184,Upper mid-market,2023-05,24,false,1175982
AG-E0133,AG-P078,Enterprise,2022-05,36,false,210533
AG-E0134,AG-P093,Upper mid-market,2023-04,12,false,145330
AG-E0135,AG-P163,Mid-market,2022-08,24,false,193087
AG-E0136,AG-P065,Upper mid-market,2023-06,24,false,124804
AG-E0137,AG-P045,Public sector,2023-02,36,true,272262
AG-E0138,AG-P062,Mid-market,2023-08,12,false,449960
AG-E0139,AG-P112,Mid-market,2022-10,36,false,178639
AG-E0140,AG-P119,Upper mid-market,2022-01,12,false,91831
AG-E0141,AG-P010,Upper mid-market,2022-01,36,false,193410
AG-E0142,AG-P052,Upper mid-market,2021-11,36,false,942850
AG-E0143,AG-P142,Public sector,2023-04,24,false,184326
AG-E0144,AG-P030,Upper mid-market,2022-12,12,false,511271
AG-E0145,AG-P206,Enterprise,2021-11,24,false,389410
AG-E0146,AG-P053,Mid-market,2022-02,12,false,903634
AG-E0147,AG-P144,Mid-market,2022-10,36,false,645624
AG-E0148,AG-P045,Public sector,2021-09,36,false,909277
AG-E0149,AG-P163,Mid-market,2022-06,24,false,185116
AG-E0150,AG-P080,Mid-market,2022-01,12,false,112071
AG-E0151,AG-P091,Enterprise,2021-09,36,false,194163
AG-E0152,AG-P206,Mid-market,2023-01,12,false,109411
AG-E0153,AG-P028,Enterprise,2022-12,36,false,365181
AG-E0154,AG-P023,Mid-market,2022-05,24,true,301697
AG-E0155,AG-P113,Public sector,2022-03,24,false,415122
AG-E0156,AG-P113,Public sector,2021-11,24,false,332757
AG-E0157,AG-P062,Mid-market,2022-05,24,false,261586
AG-E0158,AG-P210,Upper mid-market,2022-11,24,false,181915
AG-E0159,AG-P056,Upper mid-market,2021-12,24,false,219100
AG-E0160,AG-P093,Upper mid-market,2023-01,24,false,363327
AG-E0161,AG-P094,Enterprise,2021-08,24,false,197374
AG-E0162,AG-P097,Upper mid-market,2023-03,24,false,907016
AG-E0163,AG-P159,Enterprise,2023-08,24,false,215514
AG-E0164,AG-P061,Mid-market,2021-11,24,false,964166
AG-E0165,AG-P062,Public sector,2023-02,12,false,572488
AG-E0166,AG-P008,Upper mid-market,2021-11,36,false,439196
AG-E0167,AG-P112,Upper mid-market,2023-04,24,false,308903
AG-E0168,AG-P120,Upper mid-market,2023-01,12,false,370894
AG-E0169,AG-P067,Upper mid-market,2023-07,36,false,226523
AG-E0170,AG-P061,Mid-market,2021-10,24,false,214740
AG-E0171,AG-P023,Public sector,2023-01,12,true,310209
AG-E0172,AG-P162,Mid-market,2022-01,12,false,840410
AG-E0173,AG-P113,Public sector,2022-02,12,false,396771
AG-E0174,AG-P065,Enterprise,2021-12,24,false,315820
AG-E0175,AG-P052,Upper mid-market,2022-12,36,false,389014
AG-E0176,AG-P058,Public sector,2021-10,24,false,202884
AG-E0177,AG-P015,Mid-market,2022-12,24,false,576751
AG-E0178,AG-P093,Mid-market,2022-12,24,false,85225
AG-E0179,AG-P041,Public sector,2022-02,36,false,419783
AG-E0180,AG-P206,Enterprise,2023-06,24,false,677631
AG-E0181,AG-P051,Upper mid-market,2023-07,36,false,191868
AG-E0182,AG-P035,Enterprise,2022-01,36,false,410308
AG-E0183,AG-P093,Mid-market,2023-03,24,false,263600
AG-E0184,AG-P113,Mid-market,2023-03,24,false,333389
AG-E0185,AG-P178,Mid-market,2022-03,24,false,223012
AG-E0186,AG-P084,Public sector,2023-03,36,false,179388
AG-E0187,AG-P053,Upper mid-market,2022-12,12,false,996025
AG-E0188,AG-P110,Mid-market,2021-09,24,true,326188
AG-E0189,AG-P011,Mid-market,2022-07,12,false,334306
AG-E0190,AG-P138,Upper mid-market,2022-10,36,false,270699
AG-E0191,AG-P015,Upper mid-market,2023-05,12,false,247479
AG-E0192,AG-P198,Mid-market,2023-03,36,false,446478
AG-E0193,AG-P160,Upper mid-market,2022-02,12,false,276721
AG-E0194,AG-P165,Enterprise,2022-06,36,false,444016
AG-E0195,AG-P014,Upper mid-market,2021-12,12,false,239823
AG-E0196,AG-P094,Upper mid-market,2023-08,36,false,444195
AG-E0197,AG-P164,Public sector,2021-08,24,false,376813
AG-E0198,AG-P198,Mid-market,2022-05,36,false,338285
AG-E0199,AG-P104,Mid-market,2022-07,24,false,251031
AG-E0200,AG-P094,Public sector,2023-06,24,false,248321
AG-E0201,AG-P091,Upper mid-market,2023-06,24,false,199106
AG-E0202,AG-P001,Upper mid-market,2023-07,36,false,272979
AG-E0203,AG-P007,Enterprise,2023-07,36,false,506466
AG-E0204,AG-P006,Mid-market,2022-11,24,false,824841
AG-E0205,AG-P036,Upper mid-market,2022-06,36,true,340489
AG-E0206,AG-P015,Mid-market,2022-09,24,false,96062
AG-E0207,AG-P077,Enterprise,2022-06,24,false,604520
AG-E0208,AG-P031,Mid-market,2022-05,24,false,98854
AG-E0209,AG-P197,Enterprise,2022-02,24,false,187319
AG-E0210,AG-P028,Enterprise,2023-02,36,false,159141
AG-E0211,AG-P014,Upper mid-market,2021-12,24,false,434586
AG-E0212,AG-P006,Enterprise,2022-08,24,false,223946
AG-E0213,AG-P063,Upper mid-market,2022-04,24,false,333659
AG-E0214,AG-P065,Mid-market,2021-12,24,false,172224
AG-E0215,AG-P109,Upper mid-market,2022-06,24,false,159190
AG-E0216,AG-P094,Public sector,2022-06,24,false,211780
AG-E0217,AG-P165,Public sector,2021-09,36,false,411890
AG-E0218,AG-P034,Upper mid-market,2021-11,24,false,144805
AG-E0219,AG-P171,Mid-market,2023-05,12,false,519300
AG-E0220,AG-P042,Enterprise,2021-09,24,false,321180
AG-E0221,AG-P066,Enterprise,2021-11,12,false,112398
AG-E0222,AG-P138,Upper mid-market,2022-07,12,true,748168
AG-E0223,AG-P140,Mid-market,2021-10,36,false,874924
AG-E0224,AG-P087,Mid-market,2023-02,24,false,481758
AG-E0225,AG-P024,Mid-market,2022-06,24,false,189566
AG-E0226,AG-P210,Mid-market,2022-01,24,false,239678
AG-E0227,AG-P030,Upper mid-market,2022-07,24,false,353472
AG-E0228,AG-P138,Mid-market,2023-08,24,false,361589
AG-E0229,AG-P091,Public sector,2021-10,36,false,537771
AG-E0230,AG-P111,Public sector,2023-08,12,false,249622
AG-E0231,AG-P062,Upper mid-market,2023-01,24,false,186409
AG-E0232,AG-P050,Enterprise,2022-11,12,false,115098
AG-E0233,AG-P056,Enterprise,2022-10,12,false,99188
AG-E0234,AG-P114,Enterprise,2023-03,36,false,370005
AG-E0235,AG-P165,Mid-market,2021-12,24,false,524055
AG-E0236,AG-P162,Upper mid-market,2022-05,12,false,141898
AG-E0237,AG-P114,Public sector,2022-07,12,false,596572
AG-E0238,AG-P143,Mid-market,2023-04,36,false,239179
AG-E0239,AG-P065,Public sector,2022-09,24,true,400068
AG-E0240,AG-P154,Public sector,2021-11,36,false,149589
AG-E0241,AG-P047,Mid-market,2023-01,24,false,432239
AG-E0242,AG-P158,Public sector,2022-09,36,false,120937
AG-E0243,AG-P146,Mid-market,2023-05,24,false,85000
AG-E0244,AG-P062,Public sector,2023-06,12,false,972326
AG-E0245,AG-P217,Upper mid-market,2023-03,36,false,260944
AG-E0246,AG-P090,Mid-market,2021-09,24,false,562717
AG-E0247,AG-P086,Public sector,2021-10,36,false,305915
AG-E0248,AG-P009,Upper mid-market,2023-07,36,false,85000
AG-E0249,AG-P184,Enterprise,2022-08,24,false,349875
AG-E0250,AG-P148,Mid-market,2022-08,24,false,162283
AG-E0251,AG-P062,Enterprise,2021-10,36,false,332482
AG-E0252,AG-P106,Upper mid-market,2023-05,24,false,210663
AG-E0253,AG-P052,Upper mid-market,2022-02,24,false,334831
AG-E0254,AG-P009,Public sector,2022-12,36,false,263567
AG-E0255,AG-P036,Mid-market,2022-11,24,false,337936
AG-E0256,AG-P091,Mid-market,2022-09,24,true,266711
AG-E0257,AG-P007,Public sector,2022-05,24,false,410146
AG-E0258,AG-P050,Public sector,2022-05,12,false,474566
AG-E0259,AG-P114,Upper mid-market,2022-09,24,false,828989
AG-E0260,AG-P116,Upper mid-market,2022-08,12,false,110094
AG-E0261,AG-P015,Upper mid-market,2021-08,12,false,464746
AG-E0262,AG-P094,Enterprise,2022-03,24,false,1010473
AG-E0263,AG-P074,Mid-market,2022-06,12,false,414419
AG-E0264,AG-P089,Enterprise,2022-09,36,false,418186
AG-E0265,AG-P159,Mid-market,2023-04,24,false,331443
AG-E0266,AG-P090,Upper mid-market,2021-11,24,false,278122
AG-E0267,AG-P007,Public sector,2022-10,12,false,258648
AG-E0268,AG-P015,Upper mid-market,2021-12,24,false,180625
AG-E0269,AG-P198,Enterprise,2023-06,24,false,286444
AG-E0270,AG-P080,Enterprise,2022-08,24,false,684213
AG-E0271,AG-P093,Upper mid-market,2023-02,24,false,455010
AG-E0272,AG-P192,Public sector,2022-06,24,false,441845
AG-E0273,AG-P018,Mid-market,2022-11,12,true,610681
AG-E0274,AG-P091,Upper mid-market,2022-11,24,false,365961
AG-E0275,AG-P169,Mid-market,2022-06,24,false,454465
AG-E0276,AG-P030,Upper mid-market,2023-06,24,false,290179
AG-E0277,AG-P128,Upper mid-market,2021-08,36,false,258054
AG-E0278,AG-P058,Mid-market,2022-10,24,false,452841
AG-E0279,AG-P023,Enterprise,2023-06,24,false,276025
AG-E0280,AG-P128,Public sector,2022-10,36,false,916957
AG-E0281,AG-P025,Public sector,2023-07,36,false,180391
AG-E0282,AG-P029,Enterprise,2022-05,24,false,403920
AG-E0283,AG-P084,Public sector,2023-08,24,false,1641242
AG-E0284,AG-P062,Enterprise,2021-08,24,false,536615
AG-E0285,AG-P074,Upper mid-market,2022-10,24,false,337544
AG-E0286,AG-P031,Enterprise,2022-03,24,false,628096
AG-E0287,AG-P203,Public sector,2022-01,12,false,846833
AG-E0288,AG-P072,Enterprise,2021-11,24,false,320284
AG-E0289,AG-P093,Enterprise,2021-08,12,false,254506
AG-E0290,AG-P007,Enterprise,2022-05,36,true,245265
AG-E0291,AG-P024,Upper mid-market,2023-08,12,false,202165
AG-E0292,AG-P089,Upper mid-market,2023-03,12,false,154327
AG-E0293,AG-P035,Public sector,2023-01,24,false,407521
AG-E0294,AG-P093,Enterprise,2021-10,24,false,85000
AG-E0295,AG-P140,Mid-market,2022-02,24,false,246571
AG-E0296,AG-P148,Upper mid-market,2022-01,24,false,103495
AG-E0297,AG-P042,Upper mid-market,2022-10,36,false,169751
AG-E0298,AG-P004,Mid-market,2023-05,24,false,1101932
AG-E0299,AG-P094,Mid-market,2022-08,36,false,665029
AG-E0300,AG-P102,Public sector,2022-09,12,false,188725
AG-E0301,AG-P106,Upper mid-market,2022-01,12,false,917750
AG-E0302,AG-P065,Mid-market,2023-06,12,false,187845
AG-E0303,AG-P028,Public sector,2023-06,24,false,360707
AG-E0304,AG-P146,Upper mid-market,2021-09,12,false,425037
AG-E0305,AG-P198,Public sector,2022-05,24,false,408527
AG-E0306,AG-P031,Public sector,2022-11,24,false,114933
AG-E0307,AG-P128,Upper mid-market,2022-12,36,true,130804
AG-E0308,AG-P079,Mid-market,2023-06,36,false,430771
AG-E0309,AG-P174,Enterprise,2021-08,24,false,428260
AG-E0310,AG-P174,Public sector,2023-03,24,false,348273
AG-E0311,AG-P029,Upper mid-market,2021-10,12,false,800107
AG-E0312,AG-P128,Public sector,2023-03,12,false,88247
AG-E0313,AG-P038,Public sector,2023-01,36,false,136529
AG-E0314,AG-P072,Upper mid-market,2022-07,36,false,255978
AG-E0315,AG-P045,Public sector,2023-08,12,false,159818
AG-E0316,AG-P135,Public sector,2022-12,36,false,169697
AG-E0317,AG-P188,Mid-market,2021-12,36,false,494983
AG-E0318,AG-P218,Mid-market,2022-04,24,false,95846
AG-E0319,AG-P110,Enterprise,2022-07,12,false,313886
AG-E0320,AG-P053,Mid-market,2023-02,12,false,107946
AG-E0321,AG-P049,Upper mid-market,2022-06,36,false,203937
AG-E0322,AG-P202,Enterprise,2021-12,24,false,284612
AG-E0323,AG-P144,Mid-market,2023-07,12,false,330250
AG-E0324,AG-P184,Upper mid-market,2023-01,24,true,917067
AG-E0325,AG-P093,Mid-market,2023-02,24,false,93985
AG-E0326,AG-P067,Mid-market,2021-11,24,false,592116
AG-E0327,AG-P001,Upper mid-market,2022-04,24,false,211146
AG-E0328,AG-P210,Mid-market,2023-01,12,false,232015
AG-E0329,AG-P091,Public sector,2022-06,12,false,219811
AG-E0330,AG-P068,Public sector,2021-08,12,false,462417
AG-E0331,AG-P028,Public sector,2021-10,24,false,181232
AG-E0332,AG-P041,Upper mid-market,2021-10,36,false,414272
AG-E0333,AG-P016,Mid-market,2021-10,12,false,181349
AG-E0334,AG-P010,Mid-market,2023-04,24,false,367963
AG-E0335,AG-P016,Mid-market,2022-11,24,false,451894
AG-E0336,AG-P184,Enterprise,2023-05,36,false,131002
AG-E0337,AG-P102,Upper mid-market,2022-06,12,false,125460
AG-E0338,AG-P031,Upper mid-market,2023-03,12,false,118569
AG-E0339,AG-P014,Upper mid-market,2022-07,24,false,227276
AG-E0340,AG-P162,Public sector,2021-12,36,false,212009
AG-E0341,AG-P036,Public sector,2023-01,24,true,479414
AG-E0342,AG-P148,Mid-market,2021-09,12,false,1114336
AG-E0343,AG-P146,Upper mid-market,2021-09,36,false,240164
AG-E0344,AG-P086,Upper mid-market,2022-12,12,false,326348
AG-E0345,AG-P173,Upper mid-market,2022-05,12,false,162640
AG-E0346,AG-P192,Public sector,2023-06,36,false,300110
AG-E0347,AG-P133,Upper mid-market,2022-05,36,false,354067
AG-E0348,AG-P112,Upper mid-market,2023-02,12,false,289539
AG-E0349,AG-P002,Upper mid-market,2022-10,36,false,263645
AG-E0350,AG-P160,Enterprise,2023-04,24,false,287982
AG-E0351,AG-P087,Upper mid-market,2022-05,24,false,257262
AG-E0352,AG-P093,Mid-market,2023-05,24,false,275586
AG-E0353,AG-P062,Mid-market,2022-08,24,false,886753
AG-E0354,AG-P010,Mid-market,2022-11,36,false,531430
AG-E0355,AG-P001,Mid-market,2023-08,36,false,233647
AG-E0356,AG-P026,Mid-market,2021-09,24,false,101562
AG-E0357,AG-P040,Mid-market,2022-07,36,false,359481
AG-E0358,AG-P115,Enterprise,2022-08,24,true,156931
AG-E0359,AG-P059,Mid-market,2022-07,24,false,495017
AG-E0360,AG-P112,Enterprise,2021-12,24,false,438573
AG-E0361,AG-P037,Upper mid-market,2023-08,24,false,369123
AG-E0362,AG-P078,Mid-market,2023-06,36,false,318562
AG-E0363,AG-P043,Mid-market,2022-03,24,false,475386
AG-E0364,AG-P080,Mid-market,2023-07,24,false,355921
AG-E0365,AG-P053,Public sector,2023-03,12,false,244979
AG-E0366,AG-P018,Public sector,2022-08,12,false,318086
AG-E0367,AG-P140,Upper mid-market,2022-05,24,false,129489
AG-E0368,AG-P092,Upper mid-market,2022-06,24,false,85000
AG-E0369,AG-P055,Public sector,2021-12,12,false,198356
AG-E0370,AG-P028,Upper mid-market,2022-01,12,false,191312
AG-E0371,AG-P045,Upper mid-market,2021-10,36,false,1279032
AG-E0372,AG-P005,Mid-market,2022-04,36,false,479151
AG-E0373,AG-P035,Mid-market,2023-06,24,false,564075
AG-E0374,AG-P009,Mid-market,2022-03,12,false,561470
AG-E0375,AG-P053,Enterprise,2021-10,24,true,198830
AG-E0376,AG-P112,Enterprise,2022-04,24,false,208035
AG-E0377,AG-P164,Upper mid-market,2023-08,12,false,1079045
AG-E0378,AG-P218,Mid-market,2021-09,24,false,433010
AG-E0379,AG-P084,Upper mid-market,2022-09,36,false,529181
AG-E0380,AG-P084,Mid-market,2023-02,36,false,98620
AG-E0381,AG-P062,Upper mid-market,2021-09,36,false,270310
AG-E0382,AG-P174,Enterprise,2021-10,24,false,240685
AG-E0383,AG-P165,Mid-market,2022-11,12,false,300333
AG-E0384,AG-P078,Mid-market,2022-08,24,false,110925
AG-E0385,AG-P060,Enterprise,2022-03,36,false,188169
AG-E0386,AG-P219,Mid-market,2023-04,24,false,225156
AG-E0387,AG-P020,Public sector,2022-01,12,false,474501
AG-E0388,AG-P035,Mid-market,2021-11,36,false,275727
AG-E0389,AG-P078,Mid-market,2021-11,24,false,112715
AG-E0390,AG-P165,Public sector,2022-03,24,false,960812
AG-E0391,AG-P173,Upper mid-market,2022-04,12,false,433207
AG-E0392,AG-P024,Mid-market,2021-11,24,true,203223
AG-E0393,AG-P079,Enterprise,2023-02,12,false,491421
AG-E0394,AG-P007,Upper mid-market,2023-07,24,false,280635
AG-E0395,AG-P204,Upper mid-market,2022-01,36,false,262394
AG-E0396,AG-P146,Enterprise,2022-09,24,false,183618
AG-E0397,AG-P121,Enterprise,2023-01,24,false,508805
AG-E0398,AG-P060,Upper mid-market,2022-09,24,false,330546
AG-E0399,AG-P163,Mid-market,2023-04,36,false,297301
AG-E0400,AG-P103,Mid-market,2023-05,24,false,618659
AG-E0401,AG-P061,Mid-market,2022-05,24,false,259672
AG-E0402,AG-P007,Enterprise,2023-04,12,false,350880
AG-E0403,AG-P112,Mid-market,2022-12,24,false,393556
AG-E0404,AG-P063,Mid-market,2022-12,24,false,290150
AG-E0405,AG-P094,Mid-market,2023-07,24,false,245593
AG-E0406,AG-P116,Upper mid-market,2023-08,36,false,388425
AG-E0407,AG-P029,Upper mid-market,2022-01,36,false,201423
AG-E0408,AG-P133,Public sector,2022-11,12,false,266782
AG-E0409,AG-P024,Mid-market,2022-01,24,true,367767
AG-E0410,AG-P002,Enterprise,2023-04,36,false,516744
AG-E0411,AG-P140,Upper mid-market,2022-12,24,false,350695
AG-E0412,AG-P043,Enterprise,2023-04,36,false,534984
AG-E0413,AG-P015,Mid-market,2021-11,12,false,117531
AG-E0414,AG-P033,Enterprise,2022-06,12,false,383690
AG-E0415,AG-P143,Upper mid-market,2023-05,24,false,591509
AG-E0416,AG-P029,Enterprise,2022-02,12,false,1177757
AG-E0417,AG-P219,Public sector,2023-08,24,false,161289
AG-E0418,AG-P038,Enterprise,2022-03,24,false,358435
AG-E0419,AG-P159,Public sector,2021-08,12,false,85000
AG-E0420,AG-P043,Upper mid-market,2021-08,36,false,371668
AG-E0421,AG-P031,Mid-market,2022-04,24,false,173692
AG-E0422,AG-P043,Mid-market,2023-08,24,false,417590
AG-E0423,AG-P164,Enterprise,2022-09,24,false,896415
AG-E0424,AG-P028,Enterprise,2023-03,12,false,85000
AG-E0425,AG-P078,Mid-market,2022-09,24,false,241966
AG-E0426,AG-P109,Mid-market,2022-10,24,true,340780
AG-E0427,AG-P032,Public sector,2022-07,24,false,266117
AG-E0428,AG-P011,Public sector,2022-03,36,false,407450
AG-E0429,AG-P056,Mid-market,2022-08,24,false,471511
AG-E0430,AG-P173,Upper mid-market,2022-10,24,false,320402
AG-E0431,AG-P143,Mid-market,2023-06,36,false,562551
AG-E0432,AG-P151,Mid-market,2022-05,24,false,363335
AG-E0433,AG-P093,Upper mid-market,2023-06,12,false,350765
AG-E0434,AG-P045,Enterprise,2022-06,24,false,317140
AG-E0435,AG-P045,Public sector,2023-06,36,false,519019
AG-E0436,AG-P072,Upper mid-market,2023-01,24,false,328709
AG-E0437,AG-P141,Upper mid-market,2022-01,36,false,208561
AG-E0438,AG-P094,Public sector,2022-01,36,false,192267
AG-E0439,AG-P210,Enterprise,2021-12,24,false,649862
AG-E0440,AG-P080,Public sector,2022-11,12,false,226764
AG-E0441,AG-P102,Mid-market,2021-10,24,false,408760
AG-E0442,AG-P094,Mid-market,2021-08,24,false,319506
AG-E0443,AG-P198,Enterprise,2022-04,24,true,353058
AG-E0444,AG-P112,Mid-market,2023-03,24,false,318797
AG-E0445,AG-P007,Upper mid-market,2023-01,36,false,174796
AG-E0446,AG-P004,Mid-market,2022-10,36,false,159821
AG-E0447,AG-P211,Mid-market,2022-11,24,false,666747
AG-E0448,AG-P138,Public sector,2022-06,24,false,229796
AG-E0449,AG-P043,Public sector,2023-05,12,false,715747
AG-E0450,AG-P184,Upper mid-market,2021-10,24,false,509084
AG-E0451,AG-P183,Mid-market,2022-05,24,false,767076
AG-E0452,AG-P167,Mid-market,2022-03,24,false,187008
AG-E0453,AG-P021,Enterprise,2022-02,24,false,345840
AG-E0454,AG-P032,Public sector,2021-10,24,false,167473
AG-E0455,AG-P138,Upper mid-market,2023-03,24,false,179231
AG-E0456,AG-P024,Upper mid-market,2022-10,24,false,232637
AG-E0457,AG-P185,Public sector,2023-03,12,false,790261
AG-E0458,AG-P102,Public sector,2021-10,12,false,220951
AG-E0459,AG-P040,Upper mid-market,2023-04,24,false,369491
AG-E0460,AG-P024,Mid-market,2022-06,24,true,295241
AG-E0461,AG-P091,Public sector,2022-03,36,false,445827
AG-E0462,AG-P002,Mid-market,2022-06,24,false,1387264
AG-E0463,AG-P057,Mid-market,2023-05,24,false,351435
AG-E0464,AG-P158,Upper mid-market,2022-06,24,false,1087680
AG-E0465,AG-P001,Upper mid-market,2021-11,24,false,541345
AG-E0466,AG-P015,Upper mid-market,2022-02,24,false,680971
AG-E0467,AG-P173,Upper mid-market,2022-08,24,false,104673
AG-E0468,AG-P171,Upper mid-market,2023-08,24,false,653926
AG-E0469,AG-P134,Upper mid-market,2023-03,24,false,287703
AG-E0470,AG-P197,Public sector,2022-04,24,false,611063
AG-E0471,AG-P085,Mid-market,2023-07,12,false,655136
AG-E0472,AG-P093,Mid-market,2023-04,24,false,442078
AG-E0473,AG-P148,Enterprise,2022-06,24,false,259487
AG-E0474,AG-P024,Mid-market,2022-04,24,false,154229
AG-E0475,AG-P114,Mid-market,2022-10,12,false,670850
AG-E0476,AG-P072,Upper mid-market,2022-04,24,false,543065
AG-E0477,AG-P148,Mid-market,2022-08,36,true,375753
AG-E0478,AG-P107,Mid-market,2022-03,36,false,180254
AG-E0479,AG-P206,Enterprise,2022-06,24,false,807511
AG-E0480,AG-P059,Upper mid-market,2022-08,24,false,197927
AG-E0481,AG-P173,Mid-market,2022-10,24,false,440336
AG-E0482,AG-P184,Mid-market,2023-05,12,false,194463
AG-E0483,AG-P003,Public sector,2021-11,36,false,928942
AG-E0484,AG-P029,Enterprise,2022-07,36,false,477048
AG-E0485,AG-P067,Enterprise,2022-08,24,false,768650
AG-E0486,AG-P113,Enterprise,2021-11,12,false,474812
AG-E0487,AG-P158,Mid-market,2023-01,24,false,287443
AG-E0488,AG-P173,Upper mid-market,2023-08,24,false,278094
AG-E0489,AG-P164,Upper mid-market,2022-06,24,false,622815
AG-E0490,AG-P184,Public sector,2022-08,24,false,146026
AG-E0491,AG-P203,Public sector,2021-10,36,false,418849
AG-E0492,AG-P084,Mid-market,2023-08,36,false,166604
AG-E0493,AG-P093,Public sector,2023-08,24,false,289207
AG-E0494,AG-P024,Upper mid-market,2023-04,36,true,218788
AG-E0495,AG-P016,Public sector,2022-05,36,false,178092
AG-E0496,AG-P080,Upper mid-market,2022-11,24,false,374363
AG-E0497,AG-P095,Upper mid-market,2022-04,24,false,97826
AG-E0498,AG-P040,Enterprise,2021-11,12,false,220893
AG-E0499,AG-P133,Mid-market,2022-05,12,false,541599
AG-E0500,AG-P105,Public sector,2022-12,24,false,401902
AG-E0501,AG-P219,Mid-market,2023-01,24,false,300045
AG-E0502,AG-P029,Upper mid-market,2022-02,12,false,232326
AG-E0503,AG-P004,Mid-market,2021-10,12,false,336888
AG-E0504,AG-P095,Public sector,2022-09,12,false,449612
AG-E0505,AG-P021,Mid-market,2022-07,36,false,317922
AG-E0506,AG-P091,Upper mid-market,2021-08,24,false,170864
AG-E0507,AG-P083,Mid-market,2022-07,24,false,695082
AG-E0508,AG-P015,Upper mid-market,2022-12,24,false,352522
AG-E0509,AG-P105,Enterprise,2022-04,12,false,100946
AG-E0510,AG-P020,Public sector,2023-08,24,false,149552
AG-E0511,AG-P184,Mid-market,2021-08,36,true,169082
AG-E0512,AG-P183,Upper mid-market,2021-08,24,false,133715
AG-E0513,AG-P024,Upper mid-market,2023-07,12,false,140935
AG-E0514,AG-P192,Public sector,2023-04,12,false,433401
AG-E0515,AG-P045,Upper mid-market,2023-01,12,false,239536
AG-E0516,AG-P027,Upper mid-market,2022-02,36,false,642925
AG-E0517,AG-P015,Public sector,2021-12,36,false,269737
AG-E0518,AG-P085,Public sector,2023-04,24,false,330322
AG-E0519,AG-P195,Mid-market,2023-01,36,false,168385
AG-E0520,AG-P116,Enterprise,2022-02,24,false,564050
AG-E0521,AG-P173,Enterprise,2023-02,12,false,303417
AG-E0522,AG-P054,Public sector,2021-11,24,false,179134
AG-E0523,AG-P198,Public sector,2021-12,24,false,322166
AG-E0524,AG-P206,Enterprise,2023-04,36,false,361388
AG-E0525,AG-P133,Mid-market,2022-02,24,false,140379
AG-E0526,AG-P084,Mid-market,2022-07,24,false,812029
AG-E0527,AG-P107,Enterprise,2022-03,24,false,296051
AG-E0528,AG-P023,Mid-market,2023-08,36,true,696601
AG-E0529,AG-P137,Upper mid-market,2022-03,24,false,202127
AG-E0530,AG-P112,Mid-market,2022-08,24,false,855195
AG-E0531,AG-P174,Upper mid-market,2022-07,24,false,904395
AG-E0532,AG-P086,Mid-market,2023-01,24,false,252720
AG-E0533,AG-P013,Enterprise,2023-01,36,false,425705
AG-E0534,AG-P004,Public sector,2022-02,36,false,187437
AG-E0535,AG-P194,Mid-market,2023-04,36,false,344932
AG-E0536,AG-P188,Mid-market,2023-02,12,false,311958
AG-E0537,AG-P072,Enterprise,2022-11,24,false,102604
AG-E0538,AG-P085,Mid-market,2023-01,12,false,249711
AG-E0539,AG-P045,Enterprise,2021-09,12,false,281453
AG-E0540,AG-P035,Public sector,2022-03,24,false,539931
AG-E0541,AG-P007,Enterprise,2023-08,24,false,257408
AG-E0542,AG-P171,Public sector,2023-07,24,false,447593
AG-E0543,AG-P210,Upper mid-market,2021-12,24,false,449957
AG-E0544,AG-P006,Upper mid-market,2021-08,24,false,364142
AG-E0545,AG-P143,Enterprise,2021-11,24,true,313240
AG-E0546,AG-P094,Enterprise,2022-06,24,false,290363
AG-E0547,AG-P106,Mid-market,2022-12,24,false,372752
AG-E0548,AG-P040,Public sector,2022-10,24,false,1068228
AG-E0549,AG-P004,Upper mid-market,2023-06,24,false,101619
AG-E0550,AG-P007,Mid-market,2023-06,36,false,188117
AG-E0551,AG-P006,Enterprise,2023-07,12,false,391515
AG-E0552,AG-P080,Public sector,2022-05,24,false,600343
AG-E0553,AG-P017,Mid-market,2023-06,12,false,235268
AG-E0554,AG-P078,Upper mid-market,2021-10,24,false,312612
AG-E0555,AG-P002,Public sector,2022-06,12,false,1011013
AG-E0556,AG-P091,Public sector,2023-04,24,false,113586
AG-E0557,AG-P105,Upper mid-market,2022-10,24,false,754928
AG-E0558,AG-P080,Enterprise,2021-11,12,false,105045
AG-E0559,AG-P009,Mid-market,2022-06,24,false,561690
AG-E0560,AG-P043,Upper mid-market,2023-07,24,false,85000
AG-E0561,AG-P183,Upper mid-market,2022-02,24,false,600535
AG-E0562,AG-P218,Enterprise,2022-05,24,true,551582
AG-E0563,AG-P007,Enterprise,2023-06,24,false,931146
AG-E0564,AG-P163,Mid-market,2022-10,36,false,189305
AG-E0565,AG-P106,Upper mid-market,2023-05,24,false,386552
AG-E0566,AG-P023,Upper mid-market,2023-05,24,false,910494
AG-E0567,AG-P158,Upper mid-market,2022-04,12,false,490327
AG-E0568,AG-P053,Enterprise,2021-11,12,false,315333
AG-E0569,AG-P191,Mid-market,2022-01,36,false,173254
AG-E0570,AG-P040,Mid-market,2023-01,24,false,260431
AG-E0571,AG-P094,Enterprise,2023-02,24,false,413249
AG-E0572,AG-P011,Mid-market,2021-09,24,false,512498
AG-E0573,AG-P007,Mid-market,2023-01,24,false,321326
AG-E0574,AG-P111,Mid-market,2023-02,12,false,1226233
AG-E0575,AG-P017,Upper mid-market,2021-11,24,false,289740
AG-E0576,AG-P080,Mid-market,2023-01,24,false,460925
AG-E0577,AG-P045,Mid-market,2022-04,12,false,514223
AG-E0578,AG-P162,Upper mid-market,2023-01,36,false,388249
AG-E0579,AG-P102,Upper mid-market,2021-11,36,true,191669
AG-E0580,AG-P027,Mid-market,2022-02,36,false,397691
AG-E0581,AG-P158,Public sector,2023-08,36,false,302256
AG-E0582,AG-P164,Mid-market,2022-08,24,false,253764
AG-E0583,AG-P003,Upper mid-market,2022-07,12,false,622332
AG-E0584,AG-P088,Public sector,2021-08,24,false,246101
AG-E0585,AG-P065,Public sector,2022-08,24,false,309598
AG-E0586,AG-P005,Upper mid-market,2023-02,24,false,380792
AG-E0587,AG-P028,Mid-market,2022-08,24,false,151307
AG-E0588,AG-P029,Mid-market,2023-01,24,false,517320
AG-E0589,AG-P053,Enterprise,2022-01,12,false,492618
AG-E0590,AG-P146,Mid-market,2022-04,24,false,176242
AG-E0591,AG-P054,Upper mid-market,2022-03,36,false,340133
AG-E0592,AG-P014,Mid-market,2022-05,24,false,260674
AG-E0593,AG-P017,Enterprise,2023-01,36,false,290979
AG-E0594,AG-P138,Upper mid-market,2023-02,36,false,255097
AG-E0595,AG-P072,Mid-market,2022-05,36,false,197106
AG-E0596,AG-P043,Mid-market,2021-08,24,true,336292
AG-E0597,AG-P113,Mid-market,2023-01,12,false,132206
AG-E0598,AG-P051,Mid-market,2021-08,24,false,981564
AG-E0599,AG-P024,Enterprise,2022-11,12,false,166281
AG-E0600,AG-P010,Mid-market,2022-11,36,false,241932
AG-E0601,AG-P169,Upper mid-market,2022-04,12,false,318962
AG-E0602,AG-P017,Public sector,2022-11,36,false,960182
AG-E0603,AG-P007,Enterprise,2021-08,24,false,116211
AG-E0604,AG-P009,Public sector,2022-08,24,false,384975
AG-E0605,AG-P061,Mid-market,2021-09,24,false,327270
AG-E0606,AG-P021,Mid-market,2021-12,36,false,243915
AG-E0607,AG-P126,Mid-market,2022-04,24,false,366446
AG-E0608,AG-P056,Mid-market,2021-11,12,false,560244
AG-E0609,AG-P112,Mid-market,2022-02,12,false,252800
AG-E0610,AG-P007,Upper mid-market,2021-11,36,false,180879
AG-E0611,AG-P054,Upper mid-market,2021-08,36,false,532043
AG-E0612,AG-P029,Mid-market,2021-08,12,false,85658
AG-E0613,AG-P084,Public sector,2022-11,12,true,85000
AG-E0614,AG-P210,Upper mid-market,2022-05,12,false,115156
AG-E0615,AG-P127,Public sector,2022-02,36,false,1126211
AG-E0616,AG-P128,Mid-market,2022-02,12,false,201964
AG-E0617,AG-P024,Public sector,2023-04,24,false,284411
AG-E0618,AG-P004,Mid-market,2022-04,24,false,415760
AG-E0619,AG-P080,Public sector,2022-04,24,false,396089
AG-E0620,AG-P109,Mid-market,2022-10,24,false,355686
AG-E0621,AG-P145,Upper mid-market,2021-08,24,false,831218
AG-E0622,AG-P165,Mid-market,2022-03,12,false,276055
AG-E0623,AG-P164,Enterprise,2021-08,12,false,360184
AG-E0624,AG-P072,Upper mid-market,2023-03,36,false,200027
AG-E0625,AG-P177,Upper mid-market,2022-03,12,false,85000
AG-E0626,AG-P115,Upper mid-market,2021-09,12,false,370824
AG-E0627,AG-P158,Mid-market,2022-02,36,false,378804
AG-E0628,AG-P128,Upper mid-market,2022-06,24,false,379327
AG-E0629,AG-P062,Enterprise,2023-08,36,false,302431
AG-E0630,AG-P169,Mid-market,2022-02,24,true,290638
AG-E0631,AG-P159,Upper mid-market,2023-08,12,false,1064901
AG-E0632,AG-P054,Enterprise,2022-04,12,false,922820
AG-E0633,AG-P007,Public sector,2021-10,36,false,213051
AG-E0634,AG-P011,Public sector,2021-10,24,false,1042737
AG-E0635,AG-P183,Upper mid-market,2022-09,36,false,161181
AG-E0636,AG-P045,Mid-market,2022-12,24,false,357931
AG-E0637,AG-P027,Upper mid-market,2023-03,24,false,1393129
AG-E0638,AG-P113,Enterprise,2021-12,24,false,911975
AG-E0639,AG-P083,Mid-market,2022-03,24,false,176531
AG-E0640,AG-P192,Upper mid-market,2023-01,24,false,709840
AG-E0641,AG-P008,Public sector,2023-06,36,false,577118
AG-E0642,AG-P080,Enterprise,2023-04,24,false,266932
AG-E0643,AG-P212,Mid-market,2022-12,12,false,138708
AG-E0644,AG-P094,Enterprise,2022-10,36,false,413248
AG-E0645,AG-P128,Enterprise,2022-08,24,false,866618
AG-E0646,AG-P078,Enterprise,2023-05,36,false,129611
AG-E0647,AG-P004,Public sector,2023-02,24,true,288170
AG-E0648,AG-P158,Public sector,2023-08,12,false,268555
AG-E0649,AG-P054,Public sector,2023-03,12,false,977317
AG-E0650,AG-P138,Mid-market,2021-12,12,false,168704
AG-E0651,AG-P115,Mid-market,2021-12,24,false,124762
AG-E0652,AG-P067,Upper mid-market,2023-08,12,false,224586
AG-E0653,AG-P024,Mid-market,2023-07,12,false,282107
AG-E0654,AG-P024,Mid-market,2022-05,24,false,400846
AG-E0655,AG-P105,Mid-market,2021-10,24,false,466576
AG-E0656,AG-P134,Mid-market,2022-02,36,false,392639
AG-E0657,AG-P031,Enterprise,2022-06,12,false,1268397
AG-E0658,AG-P198,Upper mid-market,2023-07,12,false,120496
AG-E0659,AG-P114,Upper mid-market,2022-04,24,false,498955
AG-E0660,AG-P094,Upper mid-market,2022-02,12,false,157325
AG-E0661,AG-P016,Upper mid-market,2023-08,36,false,775435
AG-E0662,AG-P029,Mid-market,2021-10,12,false,473153
AG-E0663,AG-P023,Enterprise,2023-02,12,false,453449
AG-E0664,AG-P090,Upper mid-market,2022-05,36,true,569354
AG-E0665,AG-P021,Enterprise,2021-09,12,false,202607
AG-E0666,AG-P006,Enterprise,2023-05,12,false,1142301
AG-E0667,AG-P002,Upper mid-market,2022-09,24,false,293198
AG-E0668,AG-P198,Enterprise,2021-08,12,false,649254
AG-E0669,AG-P072,Upper mid-market,2022-05,12,false,314399
AG-E0670,AG-P052,Upper mid-market,2022-11,24,false,136498
AG-E0671,AG-P061,Public sector,2022-10,24,false,818259
AG-E0672,AG-P195,Upper mid-market,2023-01,36,false,138848
AG-E0673,AG-P088,Mid-market,2022-01,12,false,273226
AG-E0674,AG-P165,Upper mid-market,2021-09,24,false,164213
AG-E0675,AG-P029,Mid-market,2022-12,24,false,344484
AG-E0676,AG-P070,Upper mid-market,2021-09,36,false,253593
AG-E0677,AG-P078,Upper mid-market,2023-06,24,false,569469
AG-E0678,AG-P053,Public sector,2022-02,24,false,485932
AG-E0679,AG-P144,Mid-market,2023-05,24,false,313861
AG-E0680,AG-P133,Upper mid-market,2021-10,36,false,212689
AG-E0681,AG-P052,Mid-market,2023-05,12,true,500401
AG-E0682,AG-P093,Enterprise,2022-03,24,false,185566
AG-E0683,AG-P003,Enterprise,2023-06,12,false,367002
AG-E0684,AG-P078,Upper mid-market,2022-04,24,false,487865
AG-E0685,AG-P205,Mid-market,2021-12,24,false,298198
AG-E0686,AG-P112,Upper mid-market,2023-03,36,false,386169
AG-E0687,AG-P128,Upper mid-market,2021-09,12,false,177323
AG-E0688,AG-P012,Mid-market,2022-10,12,false,182972
AG-E0689,AG-P199,Mid-market,2021-08,12,false,264430
AG-E0690,AG-P116,Mid-market,2022-08,36,false,293991
AG-E0691,AG-P080,Mid-market,2022-05,12,false,130815
AG-E0692,AG-P072,Enterprise,2023-06,12,false,312308
AG-E0693,AG-P062,Public sector,2022-08,12,false,395496
AG-E0694,AG-P004,Mid-market,2023-05,12,false,178977
AG-E0695,AG-P113,Mid-market,2022-11,36,false,304884
AG-E0696,AG-P080,Upper mid-market,2022-07,12,false,1018303
AG-E0697,AG-P148,Upper mid-market,2022-03,24,false,360976
AG-E0698,AG-P023,Mid-market,2022-08,24,true,118813
AG-E0699,AG-P219,Upper mid-market,2022-01,36,false,974742
AG-E0700,AG-P119,Mid-market,2023-04,24,false,809649
AG-E0701,AG-P102,Upper mid-market,2021-08,12,false,152766
AG-E0702,AG-P106,Enterprise,2022-06,24,false,149870
AG-E0703,AG-P164,Public sector,2021-11,36,false,473305
AG-E0704,AG-P218,Public sector,2021-09,36,false,710414
AG-E0705,AG-P059,Upper mid-market,2021-09,24,false,172995
AG-E0706,AG-P032,Mid-market,2022-11,12,false,85712
AG-E0707,AG-P084,Public sector,2022-09,12,false,448351
AG-E0708,AG-P040,Upper mid-market,2022-03,12,false,469795
AG-E0709,AG-P093,Mid-market,2023-04,24,false,140348
AG-E0710,AG-P109,Mid-market,2022-04,36,false,187995
AG-E0711,AG-P061,Mid-market,2022-01,24,false,347211
AG-E0712,AG-P035,Enterprise,2022-12,24,false,537191
AG-E0713,AG-P160,Upper mid-market,2022-01,24,false,242934
AG-E0714,AG-P033,Public sector,2023-03,24,false,85000
AG-E0715,AG-P021,Upper mid-market,2022-03,24,true,85000
AG-E0716,AG-P204,Enterprise,2023-05,36,false,231295
AG-E0717,AG-P095,Public sector,2022-03,24,false,91658
AG-E0718,AG-P061,Mid-market,2022-08,36,false,403404
AG-E0719,AG-P080,Upper mid-market,2023-02,36,false,251251
AG-E0720,AG-P091,Upper mid-market,2022-07,24,false,172156
AG-E0721,AG-P020,Mid-market,2022-04,12,false,221078
AG-E0722,AG-P043,Public sector,2022-11,24,false,136604
AG-E0723,AG-P045,Enterprise,2023-05,12,false,273494
AG-E0724,AG-P029,Upper mid-market,2022-06,12,false,307033
AG-E0725,AG-P135,Enterprise,2023-06,36,false,218650
AG-E0726,AG-P089,Public sector,2021-08,12,false,454069
AG-E0727,AG-P203,Mid-market,2022-06,36,false,329302
AG-E0728,AG-P068,Upper mid-market,2021-11,24,false,278359
AG-E0729,AG-P015,Upper mid-market,2021-12,24,false,428332
AG-E0730,AG-P112,Public sector,2022-05,12,false,257127
AG-E0731,AG-P016,Upper mid-market,2022-10,24,false,277139
AG-E0732,AG-P029,Mid-market,2022-03,12,true,175573
AG-E0733,AG-P169,Upper mid-market,2023-05,24,false,226705
AG-E0734,AG-P194,Enterprise,2023-03,24,false,517156
AG-E0735,AG-P015,Upper mid-market,2022-09,36,false,163836
AG-E0736,AG-P133,Enterprise,2022-03,24,false,115934
AG-E0737,AG-P066,Upper mid-market,2022-01,36,false,194143
AG-E0738,AG-P027,Enterprise,2022-10,24,false,577166
AG-E0739,AG-P144,Mid-market,2021-09,36,false,335039
AG-E0740,AG-P032,Mid-market,2022-04,12,false,334779
AG-E0741,AG-P067,Upper mid-market,2023-01,24,false,125419
AG-E0742,AG-P217,Upper mid-market,2023-04,24,false,143337
AG-E0743,AG-P126,Upper mid-market,2023-08,24,false,707334
AG-E0744,AG-P086,Upper mid-market,2023-08,12,false,407028
AG-E0745,AG-P209,Enterprise,2023-05,36,false,208238
AG-E0746,AG-P036,Enterprise,2022-03,24,false,139378
AG-E0747,AG-P021,Mid-market,2023-05,24,false,252943
AG-E0748,AG-P158,Enterprise,2021-08,24,false,475704
AG-E0749,AG-P053,Upper mid-market,2023-04,24,true,311726
AG-E0750,AG-P158,Enterprise,2022-07,12,false,199972
AG-E0751,AG-P001,Mid-market,2021-12,12,false,929066
AG-E0752,AG-P173,Upper mid-market,2023-01,24,false,149544
AG-E0753,AG-P195,Mid-market,2022-09,24,false,336556
AG-E0754,AG-P052,Mid-market,2022-03,24,false,406613
AG-E0755,AG-P119,Public sector,2022-12,24,false,598987
AG-E0756,AG-P003,Mid-market,2022-04,24,false,274171
AG-E0757,AG-P109,Upper mid-market,2022-02,24,false,329961
AG-E0758,AG-P068,Mid-market,2022-02,12,false,242604
AG-E0759,AG-P128,Upper mid-market,2022-06,24,false,212242
AG-E0760,AG-P192,Public sector,2021-08,12,false,251176
AG-E0761,AG-P020,Upper mid-market,2021-12,12,false,449526
AG-E0762,AG-P024,Public sector,2022-09,24,false,194572
AG-E0763,AG-P007,Mid-market,2022-07,24,false,532848
AG-E0764,AG-P062,Mid-market,2022-11,12,false,522942
AG-E0765,AG-P024,Mid-market,2022-11,24,false,408596
AG-E0766,AG-P106,Public sector,2023-05,36,true,85000
AG-E0767,AG-P065,Mid-market,2022-03,36,false,299819
AG-E0768,AG-P061,Upper mid-market,2021-11,36,false,282943
AG-E0769,AG-P119,Mid-market,2022-05,36,false,263620
AG-E0770,AG-P107,Enterprise,2021-12,24,false,351451
AG-E0771,AG-P080,Upper mid-market,2022-10,36,false,99825
AG-E0772,AG-P062,Upper mid-market,2022-09,36,false,215452
AG-E0773,AG-P061,Enterprise,2023-07,36,false,118007
AG-E0774,AG-P024,Mid-market,2023-07,36,false,409645
AG-E0775,AG-P119,Upper mid-market,2023-01,12,false,683217
AG-E0776,AG-P045,Upper mid-market,2022-06,12,false,347908
AG-E0777,AG-P015,Mid-market,2022-04,24,false,1335544
AG-E0778,AG-P178,Upper mid-market,2023-08,24,false,720041
AG-E0779,AG-P052,Mid-market,2022-11,36,false,507729
AG-E0780,AG-P078,Upper mid-market,2022-10,24,false,149142
AG-E0781,AG-P009,Upper mid-market,2023-04,24,false,144958
AG-E0782,AG-P076,Upper mid-market,2023-05,36,false,109912
AG-E0783,AG-P080,Upper mid-market,2023-03,36,true,343256
AG-E0784,AG-P121,Mid-market,2022-01,24,false,304936
AG-E0785,AG-P007,Mid-market,2023-04,24,false,204326
AG-E0786,AG-P038,Upper mid-market,2022-04,24,false,416100
AG-E0787,AG-P188,Enterprise,2021-09,12,false,288536
AG-E0788,AG-P024,Mid-market,2023-02,36,false,506224
AG-E0789,AG-P091,Enterprise,2023-05,36,false,479679
AG-E0790,AG-P083,Enterprise,2021-12,12,false,729086
AG-E0791,AG-P029,Upper mid-market,2022-10,24,false,394985
AG-E0792,AG-P195,Enterprise,2023-05,12,false,236558
AG-E0793,AG-P039,Mid-market,2022-03,24,false,491175
AG-E0794,AG-P197,Mid-market,2022-04,24,false,171288
AG-E0795,AG-P178,Public sector,2022-09,24,false,119773
AG-E0796,AG-P016,Enterprise,2022-08,36,false,85000
AG-E0797,AG-P023,Mid-market,2023-08,36,false,440779
AG-E0798,AG-P012,Upper mid-market,2023-02,24,false,218943
AG-E0799,AG-P001,Upper mid-market,2021-10,24,false,1289244
AG-E0800,AG-P013,Mid-market,2022-02,36,true,369654
AG-E0801,AG-P045,Mid-market,2021-11,24,false,299443
AG-E0802,AG-P078,Upper mid-market,2021-09,24,false,427898
AG-E0803,AG-P023,Public sector,2023-08,24,false,122608
AG-E0804,AG-P061,Mid-market,2022-11,24,false,92249
AG-E0805,AG-P027,Mid-market,2022-10,36,false,490951
AG-E0806,AG-P173,Enterprise,2022-06,36,false,196511
AG-E0807,AG-P041,Enterprise,2022-12,24,false,227749
AG-E0808,AG-P014,Enterprise,2021-12,36,false,689967
AG-E0809,AG-P061,Enterprise,2021-10,24,false,138627
AG-E0810,AG-P094,Upper mid-market,2023-03,36,false,2090446
AG-E0811,AG-P079,Public sector,2021-12,24,false,85000
AG-E0812,AG-P001,Upper mid-market,2022-10,24,false,405955
AG-E0813,AG-P162,Public sector,2023-02,24,false,439682
AG-E0814,AG-P024,Upper mid-market,2023-03,12,false,199778
AG-E0815,AG-P089,Upper mid-market,2022-09,12,false,353268
AG-E0816,AG-P015,Enterprise,2022-03,24,false,140553
AG-E0817,AG-P102,Mid-market,2022-09,24,true,160780
AG-E0818,AG-P053,Enterprise,2023-05,12,false,378621
AG-E0819,AG-P163,Enterprise,2022-11,12,false,85000
AG-E0820,AG-P123,Public sector,2023-02,24,false,354273
AG-E0821,AG-P105,Upper mid-market,2022-04,12,false,906429
AG-E0822,AG-P128,Mid-market,2021-11,24,false,194436
AG-E0823,AG-P212,Mid-market,2023-05,24,false,156382
AG-E0824,AG-P015,Upper mid-market,2021-09,24,false,443811
AG-E0825,AG-P080,Mid-market,2022-01,36,false,239334
AG-E0826,AG-P061,Mid-market,2022-08,24,false,230272
AG-E0827,AG-P184,Mid-market,2023-01,36,false,161066
AG-E0828,AG-P192,Mid-market,2023-05,12,false,123240
AG-E0829,AG-P038,Upper mid-market,2023-05,36,false,555040
AG-E0830,AG-P001,Mid-market,2021-08,24,false,412151
AG-E0831,AG-P013,Upper mid-market,2021-11,36,false,156830
AG-E0832,AG-P004,Upper mid-market,2023-03,24,false,628219
AG-E0833,AG-P093,Public sector,2023-07,24,false,537546
AG-E0834,AG-P093,Enterprise,2022-07,36,true,635241
AG-E0835,AG-P067,Upper mid-market,2021-10,24,false,456148
AG-E0836,AG-P095,Mid-market,2021-09,24,false,190648
AG-E0837,AG-P026,Public sector,2022-07,36,false,204069
AG-E0838,AG-P080,Public sector,2021-12,24,false,503708
AG-E0839,AG-P032,Enterprise,2022-03,24,false,223463
AG-E0840,AG-P015,Upper mid-market,2022-02,24,false,149198
AG-E0841,AG-P072,Mid-market,2022-08,12,false,138646
AG-E0842,AG-P027,Enterprise,2022-03,24,false,288244
AG-E0843,AG-P003,Enterprise,2023-08,12,false,656582
AG-E0844,AG-P076,Upper mid-market,2023-08,24,false,473500
AG-E0845,AG-P105,Upper mid-market,2021-11,36,false,407110
AG-E0846,AG-P158,Mid-market,2023-04,24,false,128155
AG-E0847,AG-P024,Enterprise,2022-12,12,false,213589
AG-E0848,AG-P058,Public sector,2022-08,36,false,561863
AG-E0849,AG-P198,Upper mid-market,2021-10,36,false,183110
AG-E0850,AG-P114,Public sector,2022-09,12,false,241267
AG-E0851,AG-P198,Mid-market,2022-04,24,true,275344
AG-E0852,AG-P197,Upper mid-market,2022-09,24,false,607112
AG-E0853,AG-P183,Mid-market,2022-12,24,false,297034
AG-E0854,AG-P031,Upper mid-market,2022-10,24,false,378672
AG-E0855,AG-P068,Upper mid-market,2022-07,24,false,575371
AG-E0856,AG-P067,Enterprise,2022-10,24,false,991137
AG-E0857,AG-P024,Upper mid-market,2021-08,12,false,434548
AG-E0858,AG-P045,Upper mid-market,2022-12,24,false,467953
AG-E0859,AG-P063,Enterprise,2022-01,24,false,214340
AG-E0860,AG-P062,Enterprise,2022-02,24,false,299151
AG-E0861,AG-P061,Public sector,2021-10,24,false,758311
AG-E0862,AG-P219,Upper mid-market,2022-10,24,false,548134
AG-E0863,AG-P007,Enterprise,2023-04,24,false,134278
AG-E0864,AG-P094,Public sector,2023-07,36,false,568566
AG-E0865,AG-P049,Public sector,2022-08,12,false,445376
AG-E0866,AG-P114,Upper mid-market,2022-08,12,false,356570
AG-E0867,AG-P008,Mid-market,2023-05,12,false,205433
AG-E0868,AG-P106,Upper mid-market,2022-03,36,true,165145
AG-E0869,AG-P002,Public sector,2022-02,12,false,699232
AG-E0870,AG-P045,Mid-market,2022-08,24,false,124908
AG-E0871,AG-P062,Upper mid-market,2022-07,24,false,245566
AG-E0872,AG-P135,Public sector,2022-01,24,false,998538
AG-E0873,AG-P217,Mid-market,2022-03,24,false,220676
AG-E0874,AG-P091,Public sector,2023-01,24,false,447387
AG-E0875,AG-P040,Mid-market,2022-05,12,false,378329
AG-E0876,AG-P018,Upper mid-market,2023-02,24,false,444736
AG-E0877,AG-P158,Upper mid-market,2023-08,24,false,323374
AG-E0878,AG-P150,Enterprise,2022-08,24,false,87302
AG-E0879,AG-P018,Upper mid-market,2021-09,12,false,215038
AG-E0880,AG-P201,Mid-market,2022-09,24,false,411951
AG-E0881,AG-P008,Public sector,2022-01,12,false,1106027
AG-E0882,AG-P080,Upper mid-market,2022-05,24,false,200201
AG-E0883,AG-P067,Enterprise,2023-02,24,false,677612
AG-E0884,AG-P089,Upper mid-market,2023-08,24,false,85000
AG-E0885,AG-P037,Public sector,2022-06,24,true,673034
AG-E0886,AG-P052,Upper mid-market,2021-11,12,false,293325
AG-E0887,AG-P041,Mid-market,2023-08,24,false,184197
AG-E0888,AG-P045,Mid-market,2021-08,24,false,407933
AG-E0889,AG-P110,Upper mid-market,2022-04,24,false,956035
AG-E0890,AG-P112,Upper mid-market,2022-05,24,false,149292
AG-E0891,AG-P081,Enterprise,2021-08,12,false,654389
AG-E0892,AG-P069,Mid-market,2022-05,12,false,269303
AG-E0893,AG-P094,Upper mid-market,2022-12,12,false,119226
AG-E0894,AG-P072,Public sector,2023-07,36,false,419764
AG-E0895,AG-P134,Enterprise,2022-10,24,false,145534
AG-E0896,AG-P094,Upper mid-market,2021-12,24,false,119301
AG-E0897,AG-P084,Public sector,2022-03,36,false,551836
AG-E0898,AG-P023,Upper mid-market,2022-06,12,false,415690
AG-E0899,AG-P024,Mid-market,2023-07,12,false,446649
AG-E0900,AG-P094,Mid-market,2021-10,24,false,234212
AG-E0901,AG-P007,Mid-market,2022-07,24,false,482453
AG-E0902,AG-P140,Mid-market,2021-08,12,true,245348
AG-E0903,AG-P014,Public sector,2022-08,24,false,294240
AG-E0904,AG-P015,Mid-market,2022-06,36,false,660542
AG-E0905,AG-P188,Upper mid-market,2023-02,36,false,491507
AG-E0906,AG-P003,Mid-market,2022-06,24,false,190514
AG-E0907,AG-P148,Mid-market,2023-05,36,false,160684
AG-E0908,AG-P012,Mid-market,2022-03,24,false,539908
AG-E0909,AG-P078,Enterprise,2022-12,24,false,91584
AG-E0910,AG-P206,Mid-market,2021-11,24,false,564546
AG-E0911,AG-P056,Mid-market,2021-08,24,false,794806
AG-E0912,AG-P113,Enterprise,2022-10,36,false,606739
AG-E0913,AG-P107,Upper mid-market,2021-10,12,false,276892
AG-E0914,AG-P111,Enterprise,2022-02,24,false,239982
AG-E0915,AG-P029,Mid-market,2022-08,24,false,219477
AG-E0916,AG-P041,Enterprise,2021-12,36,false,264388
AG-E0917,AG-P091,Mid-market,2021-08,36,false,143788
AG-E0918,AG-P045,Mid-market,2023-07,36,false,401610
AG-E0919,AG-P086,Upper mid-market,2022-03,24,true,682376
AG-E0920,AG-P031,Mid-market,2023-05,12,false,546322
AG-E0921,AG-P040,Public sector,2021-11,24,false,252529
AG-E0922,AG-P158,Mid-market,2023-05,24,false,280713
AG-E0923,AG-P212,Upper mid-market,2021-10,12,false,176408
AG-E0924,AG-P028,Enterprise,2021-08,12,false,400212
AG-E0925,AG-P040,Upper mid-market,2022-04,24,false,467233
AG-E0926,AG-P030,Mid-market,2023-05,24,false,180140
AG-E0927,AG-P109,Upper mid-market,2023-01,24,false,214145
AG-E0928,AG-P133,Public sector,2022-12,36,false,330302
AG-E0929,AG-P067,Public sector,2022-01,12,false,559880
AG-E0930,AG-P125,Enterprise,2022-02,24,false,210270
AG-E0931,AG-P084,Mid-market,2021-09,24,false,113209
AG-E0932,AG-P077,Mid-market,2023-08,12,false,272574
AG-E0933,AG-P024,Enterprise,2022-10,24,false,169703
AG-E0934,AG-P054,Enterprise,2022-09,24,false,673631
AG-E0935,AG-P190,Mid-market,2023-02,12,false,533544
AG-E0936,AG-P068,Enterprise,2023-08,36,true,496022
AG-E0937,AG-P093,Public sector,2022-03,24,false,178914
AG-E0938,AG-P194,Public sector,2023-07,36,false,391574
AG-E0939,AG-P029,Public sector,2021-11,24,false,461353
AG-E0940,AG-P192,Mid-market,2022-07,24,false,198922
AG-E0941,AG-P114,Mid-market,2022-09,24,false,242481
AG-E0942,AG-P093,Enterprise,2022-08,24,false,471756
AG-E0943,AG-P028,Public sector,2022-10,12,false,536384
AG-E0944,AG-P007,Public sector,2022-03,24,false,520014
AG-E0945,AG-P129,Enterprise,2023-08,24,false,1243029
AG-E0946,AG-P082,Upper mid-market,2023-04,36,false,888817
AG-E0947,AG-P164,Mid-market,2022-06,24,false,261957
AG-E0948,AG-P053,Mid-market,2022-10,24,false,857696
AG-E0949,AG-P213,Public sector,2022-01,36,false,298105
AG-E0950,AG-P083,Mid-market,2022-08,12,false,140254
AG-E0951,AG-P106,Public sector,2022-03,24,false,201570
AG-E0952,AG-P034,Upper mid-market,2022-02,36,false,343456
AG-E0953,AG-P025,Public sector,2022-07,12,true,260862
AG-E0954,AG-P014,Upper mid-market,2022-06,36,false,581574
AG-E0955,AG-P047,Upper mid-market,2022-03,36,false,400276
AG-E0956,AG-P161,Mid-market,2022-05,36,false,122172
AG-E0957,AG-P024,Public sector,2022-07,12,false,461487
AG-E0958,AG-P024,Enterprise,2022-02,12,false,344128
AG-E0959,AG-P053,Enterprise,2022-09,24,false,399584
AG-E0960,AG-P102,Upper mid-market,2021-10,24,false,431723
AG-E0961,AG-P062,Public sector,2022-02,36,false,2113652
AG-E0962,AG-P122,Mid-market,2022-12,36,false,392715
AG-E0963,AG-P029,Upper mid-market,2022-01,36,false,278427
AG-E0964,AG-P002,Public sector,2023-04,36,false,380451
AG-E0965,AG-P053,Upper mid-market,2021-12,24,false,223324
AG-E0966,AG-P029,Upper mid-market,2022-05,24,false,501977
AG-E0967,AG-P085,Mid-market,2023-08,24,false,521821
AG-E0968,AG-P093,Mid-market,2022-07,24,false,191679
AG-E0969,AG-P210,Upper mid-market,2021-08,24,false,230151
AG-E0970,AG-P197,Upper mid-market,2023-01,24,true,314387
AG-E0971,AG-P126,Upper mid-market,2023-05,24,false,270856
AG-E0972,AG-P140,Mid-market,2023-02,24,false,282462
AG-E0973,AG-P188,Enterprise,2023-02,24,false,789766
AG-E0974,AG-P062,Upper mid-market,2023-05,12,false,281659
AG-E0975,AG-P112,Upper mid-market,2023-03,36,false,290982
AG-E0976,AG-P086,Upper mid-market,2023-06,24,false,377476
AG-E0977,AG-P028,Enterprise,2023-02,24,false,89453
AG-E0978,AG-P144,Mid-market,2022-03,36,false,146043
AG-E0979,AG-P209,Public sector,2022-03,24,false,427165
AG-E0980,AG-P009,Upper mid-market,2021-08,24,false,410291
AG-E0981,AG-P094,Upper mid-market,2023-08,24,false,1307446
AG-E0982,AG-P028,Public sector,2022-08,36,false,163648
AG-E0983,AG-P052,Mid-market,2022-05,24,false,303915
AG-E0984,AG-P128,Mid-market,2022-05,36,false,168659
AG-E0985,AG-P037,Enterprise,2023-05,36,false,526882
AG-E0986,AG-P061,Mid-market,2022-02,36,false,350932
AG-E0987,AG-P058,Upper mid-market,2021-08,24,true,1150828
AG-E0988,AG-P194,Enterprise,2022-11,36,false,281129
AG-E0989,AG-P029,Mid-market,2023-02,24,false,368518
AG-E0990,AG-P093,Public sector,2022-01,12,false,269839
AG-E0991,AG-P029,Upper mid-market,2022-10,12,false,923754
AG-E0992,AG-P195,Mid-market,2022-08,36,false,265805
AG-E0993,AG-P190,Mid-market,2023-08,24,false,328266
AG-E0994,AG-P145,Enterprise,2023-02,24,false,363047
AG-E0995,AG-P023,Mid-market,2021-08,24,false,225635
AG-E0996,AG-P058,Mid-market,2021-12,24,false,162541
AG-E0997,AG-P218,Upper mid-market,2023-03,24,false,201298
AG-E0998,AG-P078,Enterprise,2023-03,24,false,94021
AG-E0999,AG-P040,Enterprise,2023-02,36,false,287827
AG-E1000,AG-P012,Mid-market,2021-09,24,false,533309
AG-E1001,AG-P093,Upper mid-market,2022-09,24,false,1468836
AG-E1002,AG-P027,Mid-market,2022-02,12,false,318669
AG-E1003,AG-P093,Enterprise,2023-01,36,false,153297
AG-E1004,AG-P016,Public sector,2021-12,24,true,311545
AG-E1005,AG-P112,Mid-market,2023-02,36,false,379304
AG-E1006,AG-P050,Mid-market,2023-06,24,false,569478
AG-E1007,AG-P062,Public sector,2021-10,36,false,139367
AG-E1008,AG-P105,Public sector,2023-01,36,false,217765
AG-E1009,AG-P016,Enterprise,2022-12,24,false,284355
AG-E1010,AG-P040,Upper mid-market,2022-06,36,false,314773
AG-E1011,AG-P023,Upper mid-market,2023-08,24,false,642139
AG-E1012,AG-P102,Mid-market,2021-11,12,false,636108
AG-E1013,AG-P066,Mid-market,2023-07,24,false,326421
AG-E1014,AG-P120,Upper mid-market,2023-06,12,false,209122
AG-E1015,AG-P045,Mid-market,2022-12,36,false,868284
AG-E1016,AG-P045,Upper mid-market,2022-07,36,false,1507672
AG-E1017,AG-P137,Upper mid-market,2022-09,24,false,413713
AG-E1018,AG-P034,Public sector,2022-03,12,false,217612
AG-E1019,AG-P079,Upper mid-market,2023-06,24,false,206722
AG-E1020,AG-P125,Mid-market,2023-04,36,false,303917
AG-E1021,AG-P198,Enterprise,2022-06,24,true,679325
AG-E1022,AG-P174,Enterprise,2021-08,24,false,85000
AG-E1023,AG-P002,Mid-market,2022-08,24,false,594518
AG-E1024,AG-P106,Upper mid-market,2022-03,24,false,838872
AG-E1025,AG-P072,Upper mid-market,2021-11,36,false,163120
AG-E1026,AG-P079,Upper mid-market,2023-05,12,false,839490
AG-E1027,AG-P160,Mid-market,2022-01,24,false,99547
AG-E1028,AG-P006,Enterprise,2022-12,24,false,382363
AG-E1029,AG-P158,Public sector,2022-07,12,false,386299
AG-E1030,AG-P158,Enterprise,2022-01,12,false,229059
AG-E1031,AG-P121,Upper mid-market,2022-09,36,false,292904
AG-E1032,AG-P084,Mid-market,2023-08,36,false,95060
AG-E1033,AG-P133,Enterprise,2022-11,24,false,798949
AG-E1034,AG-P210,Upper mid-market,2022-06,24,false,258723
AG-E1035,AG-P069,Public sector,2023-04,36,false,818937
AG-E1036,AG-P206,Mid-market,2022-01,24,false,250495
AG-E1037,AG-P031,Public sector,2023-06,24,false,481431
AG-E1038,AG-P113,Mid-market,2022-08,24,true,174502
AG-E1039,AG-P050,Upper mid-market,2022-05,12,false,90098
AG-E1040,AG-P158,Upper mid-market,2023-05,12,false,147208
AG-E1041,AG-P024,Mid-market,2023-04,24,false,348586
AG-E1042,AG-P003,Public sector,2021-10,36,false,198294
AG-E1043,AG-P091,Public sector,2022-10,36,false,381289
AG-E1044,AG-P112,Mid-market,2022-01,36,false,108078
AG-E1045,AG-P010,Mid-market,2021-11,36,false,619067
AG-E1046,AG-P089,Enterprise,2021-08,24,false,229308
AG-E1047,AG-P148,Enterprise,2022-05,24,false,306530
AG-E1048,AG-P007,Upper mid-market,2022-04,36,false,232711
AG-E1049,AG-P004,Mid-market,2023-08,24,false,347407
AG-E1050,AG-P114,Mid-market,2022-09,12,false,275319
AG-E1051,AG-P128,Mid-market,2023-02,36,false,222123
AG-E1052,AG-P091,Upper mid-market,2022-01,24,false,344692
AG-E1053,AG-P008,Enterprise,2022-09,36,false,216165
AG-E1054,AG-P184,Public sector,2022-03,12,false,558059
AG-E1055,AG-P109,Enterprise,2021-08,12,true,269945
AG-E1056,AG-P145,Mid-market,2022-04,36,false,239964
AG-E1057,AG-P049,Mid-market,2022-10,24,false,278608
AG-E1058,AG-P140,Public sector,2022-08,24,false,619335
AG-E1059,AG-P162,Upper mid-market,2022-10,36,false,161508
AG-E1060,AG-P219,Mid-market,2022-07,12,false,483067
AG-E1061,AG-P063,Mid-market,2022-02,24,false,85000
AG-E1062,AG-P078,Public sector,2021-12,24,false,280907
AG-E1063,AG-P073,Mid-market,2022-09,36,false,507464
AG-E1064,AG-P002,Mid-market,2022-12,36,false,962743
AG-E1065,AG-P094,Public sector,2022-09,12,false,289080
AG-E1066,AG-P093,Upper mid-market,2022-06,24,false,163941
AG-E1067,AG-P015,Mid-market,2022-11,12,false,282314
AG-E1068,AG-P198,Upper mid-market,2022-01,12,false,871332
AG-E1069,AG-P089,Enterprise,2023-07,24,false,85000
AG-E1070,AG-P080,Upper mid-market,2022-01,36,false,618405
AG-E1071,AG-P182,Upper mid-market,2022-07,24,false,691005
AG-E1072,AG-P041,Upper mid-market,2022-11,24,true,207958
AG-E1073,AG-P008,Mid-market,2022-12,24,false,293849
AG-E1074,AG-P063,Mid-market,2022-08,24,false,517719
AG-E1075,AG-P095,Mid-market,2022-05,24,false,167437
AG-E1076,AG-P047,Mid-market,2023-04,24,false,445316
AG-E1077,AG-P210,Upper mid-market,2023-05,24,false,218068
AG-E1078,AG-P213,Public sector,2022-07,24,false,452990
AG-E1079,AG-P072,Mid-market,2023-02,36,false,432079
AG-E1080,AG-P089,Upper mid-market,2022-01,36,false,231507
AG-E1081,AG-P029,Mid-market,2023-03,12,false,679067
AG-E1082,AG-P047,Upper mid-market,2023-03,36,false,510857
AG-E1083,AG-P045,Upper mid-market,2022-07,24,false,336568
AG-E1084,AG-P028,Upper mid-market,2022-03,36,false,315717
AG-E1085,AG-P184,Mid-market,2022-03,24,false,218838
AG-E1086,AG-P024,Mid-market,2022-12,24,false,372458
AG-E1087,AG-P035,Upper mid-market,2022-02,24,false,348879
AG-E1088,AG-P072,Upper mid-market,2021-08,12,false,305139
AG-E1089,AG-P069,Mid-market,2022-01,24,true,999669
AG-E1090,AG-P127,Upper mid-market,2022-08,24,false,428125
AG-E1091,AG-P158,Enterprise,2022-02,24,false,228376
AG-E1092,AG-P010,Upper mid-market,2023-03,24,false,303392
AG-E1093,AG-P045,Mid-market,2022-07,24,false,250636
AG-E1094,AG-P163,Upper mid-market,2022-10,24,false,273500
AG-E1095,AG-P011,Enterprise,2022-05,36,false,369018
AG-E1096,AG-P004,Upper mid-market,2022-05,24,false,366936
AG-E1097,AG-P113,Enterprise,2022-04,36,false,306254
AG-E1098,AG-P105,Mid-market,2022-10,24,false,421013
AG-E1099,AG-P126,Mid-market,2023-01,36,false,292425
AG-E1100,AG-P116,Mid-market,2023-06,24,false,523883
AG-E1101,AG-P008,Mid-market,2022-04,24,false,384393
AG-E1102,AG-P184,Upper mid-market,2023-04,24,false,309103
AG-E1103,AG-P095,Upper mid-market,2023-02,36,false,197481
AG-E1104,AG-P064,Mid-market,2021-09,36,false,246960
AG-E1105,AG-P106,Public sector,2022-12,24,false,372424
AG-E1106,AG-P115,Upper mid-market,2023-07,24,true,230185
AG-E1107,AG-P055,Mid-market,2022-11,12,false,670912
AG-E1108,AG-P091,Upper mid-market,2022-12,24,false,278586
AG-E1109,AG-P079,Enterprise,2021-09,36,false,92744
AG-E1110,AG-P106,Enterprise,2023-02,24,false,396276
AG-E1111,AG-P080,Mid-market,2021-08,24,false,135865
AG-E1112,AG-P078,Mid-market,2021-09,12,false,190043
AG-E1113,AG-P004,Mid-market,2023-08,12,false,269266
AG-E1114,AG-P148,Enterprise,2021-09,12,false,666027
AG-E1115,AG-P015,Mid-market,2023-03,24,false,692084
AG-E1116,AG-P072,Upper mid-market,2022-04,12,false,252069
AG-E1117,AG-P129,Upper mid-market,2022-06,36,false,85000
AG-E1118,AG-P165,Enterprise,2021-12,12,false,608779
AG-E1119,AG-P016,Mid-market,2022-03,12,false,127303
AG-E1120,AG-P006,Mid-market,2022-02,36,false,181837
AG-E1121,AG-P174,Public sector,2023-02,24,false,433481
AG-E1122,AG-P007,Upper mid-market,2022-08,36,false,486801
AG-E1123,AG-P006,Mid-market,2023-01,36,true,296881
AG-E1124,AG-P210,Upper mid-market,2023-03,12,false,169851
AG-E1125,AG-P053,Upper mid-market,2023-07,24,false,179264
AG-E1126,AG-P199,Mid-market,2022-01,12,false,504158
AG-E1127,AG-P079,Mid-market,2022-10,36,false,113072
AG-E1128,AG-P102,Public sector,2023-02,12,false,183470
AG-E1129,AG-P177,Enterprise,2022-05,24,false,667045
AG-E1130,AG-P183,Mid-market,2023-01,24,false,265933
AG-E1131,AG-P087,Public sector,2022-10,36,false,309100
AG-E1132,AG-P092,Mid-market,2022-07,36,false,186602
AG-E1133,AG-P062,Mid-market,2023-03,36,false,119300
AG-E1134,AG-P010,Mid-market,2022-02,24,false,559976
AG-E1135,AG-P026,Public sector,2021-12,24,false,442238
AG-E1136,AG-P044,Mid-market,2023-04,24,false,102664
AG-E1137,AG-P093,Enterprise,2022-04,24,false,301527
AG-E1138,AG-P092,Mid-market,2021-10,24,false,373004
AG-E1139,AG-P144,Public sector,2021-09,36,false,237991
AG-E1140,AG-P217,Mid-market,2022-09,36,true,912407
AG-E1141,AG-P083,Upper mid-market,2023-04,24,false,85000
AG-E1142,AG-P021,Public sector,2023-08,24,false,153211
AG-E1143,AG-P106,Upper mid-market,2021-11,24,false,727364
AG-E1144,AG-P093,Upper mid-market,2023-06,12,false,254589
AG-E1145,AG-P198,Enterprise,2022-07,36,false,451016
AG-E1146,AG-P080,Mid-market,2023-05,24,false,331073
AG-E1147,AG-P086,Mid-market,2022-06,36,false,218471
AG-E1148,AG-P067,Enterprise,2023-04,24,false,379765
AG-E1149,AG-P056,Upper mid-market,2023-04,24,false,470450
AG-E1150,AG-P041,Upper mid-market,2021-11,24,false,544185
AG-E1151,AG-P190,Mid-market,2022-09,24,false,237823
AG-E1152,AG-P117,Upper mid-market,2023-02,36,false,230992
AG-E1153,AG-P024,Mid-market,2023-07,12,false,88622
AG-E1154,AG-P184,Public sector,2023-06,12,false,348564
AG-E1155,AG-P026,Public sector,2021-10,36,false,496747
AG-E1156,AG-P065,Mid-market,2023-01,36,false,133038
AG-E1157,AG-P029,Enterprise,2023-01,24,true,507272
AG-E1158,AG-P010,Upper mid-market,2022-09,36,false,495544
AG-E1159,AG-P138,Upper mid-market,2022-06,36,false,246607
AG-E1160,AG-P088,Upper mid-market,2023-03,12,false,89989
AG-E1161,AG-P052,Enterprise,2023-06,36,false,476761
AG-E1162,AG-P078,Upper mid-market,2023-02,36,false,102196
AG-E1163,AG-P198,Upper mid-market,2022-11,24,false,359075
AG-E1164,AG-P038,Upper mid-market,2021-12,24,false,303737
AG-E1165,AG-P012,Upper mid-market,2023-02,36,false,141721
AG-E1166,AG-P004,Mid-market,2023-06,36,false,121928
AG-E1167,AG-P173,Public sector,2022-06,36,false,261205
AG-E1168,AG-P140,Upper mid-market,2023-07,24,false,243974
AG-E1169,AG-P173,Mid-market,2022-07,12,false,199510
AG-E1170,AG-P212,Upper mid-market,2022-09,36,false,328105
AG-E1171,AG-P198,Public sector,2022-09,36,false,734461
AG-E1172,AG-P041,Upper mid-market,2022-06,24,false,140348
AG-E1173,AG-P027,Mid-market,2023-07,12,false,333569
AG-E1174,AG-P045,Mid-market,2022-07,24,true,497640
AG-E1175,AG-P053,Enterprise,2022-11,36,false,310268
AG-E1176,AG-P072,Public sector,2022-03,24,false,638757
AG-E1177,AG-P107,Mid-market,2021-09,36,false,128608
AG-E1178,AG-P086,Upper mid-market,2023-08,24,false,411119
AG-E1179,AG-P049,Upper mid-market,2021-10,24,false,304084
AG-E1180,AG-P086,Public sector,2022-10,24,false,95680
AG-E1181,AG-P040,Upper mid-market,2022-08,36,false,262397
AG-E1182,AG-P004,Enterprise,2021-11,36,false,288208
AG-E1183,AG-P006,Mid-market,2023-04,24,false,728939
AG-E1184,AG-P033,Upper mid-market,2022-01,36,false,376250
AG-E1185,AG-P146,Mid-market,2022-02,24,false,85000
AG-E1186,AG-P014,Enterprise,2021-09,36,false,208348
AG-E1187,AG-P119,Public sector,2021-08,24,false,496715
AG-E1188,AG-P134,Mid-market,2022-02,24,false,675881
AG-E1189,AG-P004,Upper mid-market,2022-12,24,false,306794
AG-E1190,AG-P051,Mid-market,2021-09,24,false,500356
AG-E1191,AG-P106,Upper mid-market,2022-07,36,true,85000
AG-E1192,AG-P017,Enterprise,2022-10,24,false,446752
AG-E1193,AG-P021,Public sector,2021-11,24,false,279285
AG-E1194,AG-P218,Mid-market,2022-06,12,false,349595
AG-E1195,AG-P056,Enterprise,2022-05,24,false,483146
AG-E1196,AG-P061,Mid-market,2022-09,24,false,206185
AG-E1197,AG-P050,Enterprise,2021-12,24,false,329533
AG-E1198,AG-P072,Upper mid-market,2021-09,24,false,167681
AG-E1199,AG-P064,Mid-market,2022-09,24,false,330791
AG-E1200,AG-P084,Public sector,2022-03,24,false,141957
AG-E1201,AG-P089,Mid-market,2023-06,12,false,295295
AG-E1202,AG-P210,Mid-market,2022-02,24,false,340968
AG-E1203,AG-P125,Public sector,2022-08,12,false,287989
AG-E1204,AG-P062,Upper mid-market,2023-06,12,false,303612
AG-E1205,AG-P119,Enterprise,2022-01,36,false,431954
AG-E1206,AG-P080,Public sector,2023-05,12,false,154015
AG-E1207,AG-P033,Enterprise,2021-12,24,false,229817
AG-E1208,AG-P100,Upper mid-market,2022-08,36,true,253176
AG-E1209,AG-P106,Enterprise,2023-05,24,false,737130
AG-E1210,AG-P163,Public sector,2022-09,12,false,198809
AG-E1211,AG-P004,Public sector,2023-06,24,false,480209
AG-E1212,AG-P219,Mid-market,2023-01,36,false,91596
AG-E1213,AG-P017,Mid-market,2021-08,24,false,164791
AG-E1214,AG-P094,Public sector,2022-02,24,false,226302
AG-E1215,AG-P107,Public sector,2023-04,36,false,232273
AG-E1216,AG-P102,Upper mid-market,2023-03,36,false,312526
AG-E1217,AG-P120,Mid-market,2021-12,24,false,90477
AG-E1218,AG-P106,Upper mid-market,2022-12,36,false,415932
AG-E1219,AG-P080,Upper mid-market,2022-06,24,false,164337
AG-E1220,AG-P210,Enterprise,2022-02,12,false,198486
AG-E1221,AG-P024,Enterprise,2021-10,36,false,209190
AG-E1222,AG-P078,Enterprise,2023-01,24,false,227269
AG-E1223,AG-P040,Public sector,2022-05,12,false,257229
AG-E1224,AG-P217,Public sector,2022-05,36,false,162928
AG-E1225,AG-P160,Public sector,2022-05,36,true,1709580
AG-E1226,AG-P065,Enterprise,2023-05,36,false,527472
AG-E1227,AG-P024,Upper mid-market,2022-12,24,false,156954
AG-E1228,AG-P078,Mid-market,2021-08,24,false,149449
AG-E1229,AG-P105,Enterprise,2022-12,24,false,288968
AG-E1230,AG-P139,Upper mid-market,2023-02,36,false,150331
AG-E1231,AG-P087,Public sector,2022-04,36,false,589999
AG-E1232,AG-P024,Upper mid-market,2023-08,36,false,175222
AG-E1233,AG-P119,Upper mid-market,2021-08,24,false,288249
AG-E1234,AG-P078,Upper mid-market,2022-10,12,false,250949
AG-E1235,AG-P049,Public sector,2023-05,24,false,165286
AG-E1236,AG-P161,Enterprise,2023-07,12,false,159473
AG-E1237,AG-P027,Upper mid-market,2022-09,12,false,214565
AG-E1238,AG-P090,Upper mid-market,2021-09,12,false,296213
AG-E1239,AG-P121,Public sector,2021-11,24,false,312805
AG-E1240,AG-P093,Public sector,2022-06,24,false,191329
AG-E1241,AG-P055,Enterprise,2022-01,12,false,1398626
AG-E1242,AG-P091,Enterprise,2022-07,24,true,194966
AG-E1243,AG-P023,Enterprise,2023-06,12,false,485433
AG-E1244,AG-P029,Upper mid-market,2021-08,24,false,414434
AG-E1245,AG-P005,Enterprise,2022-11,36,false,580885
AG-E1246,AG-P061,Public sector,2023-07,24,false,1486932
AG-E1247,AG-P158,Mid-market,2022-05,24,false,362915
AG-E1248,AG-P035,Enterprise,2022-06,24,false,346390
AG-E1249,AG-P126,Enterprise,2023-08,36,false,171103
AG-E1250,AG-P064,Mid-market,2022-03,12,false,322615
AG-E1251,AG-P052,Enterprise,2022-12,24,false,425000
AG-E1252,AG-P218,Mid-market,2021-09,24,false,596209
AG-E1253,AG-P035,Public sector,2023-01,24,false,352876
AG-E1254,AG-P058,Upper mid-market,2023-08,24,false,98566
AG-E1255,AG-P037,Public sector,2023-06,12,false,342770
AG-E1256,AG-P114,Upper mid-market,2022-10,12,false,340339
AG-E1257,AG-P035,Mid-market,2021-09,24,false,90609
AG-E1258,AG-P165,Public sector,2023-08,24,false,830260
AG-E1259,AG-P178,Mid-market,2023-01,24,true,404639
AG-E1260,AG-P160,Enterprise,2023-03,12,false,232917
AG-E1261,AG-P185,Mid-market,2023-02,24,false,238635
AG-E1262,AG-P084,Mid-market,2021-08,36,false,1030212
AG-E1263,AG-P013,Public sector,2021-12,12,false,274365
AG-E1264,AG-P078,Upper mid-market,2022-11,36,false,290954
AG-E1265,AG-P023,Public sector,2022-06,36,false,783103
AG-E1266,AG-P028,Upper mid-market,2021-12,24,false,162972
AG-E1267,AG-P010,Mid-market,2021-12,36,false,847662
AG-E1268,AG-P062,Mid-market,2021-12,24,false,541555
AG-E1269,AG-P080,Upper mid-market,2023-04,36,false,410790
AG-E1270,AG-P002,Enterprise,2023-03,36,false,227129
AG-E1271,AG-P141,Upper mid-market,2022-10,24,false,404974
AG-E1272,AG-P190,Upper mid-market,2022-05,12,false,444033
AG-E1273,AG-P007,Public sector,2023-06,12,false,473981
AG-E1274,AG-P162,Public sector,2022-03,24,false,85000
AG-E1275,AG-P054,Public sector,2022-04,12,false,85000
AG-E1276,AG-P104,Enterprise,2022-01,12,true,288020
AG-E1277,AG-P049,Enterprise,2021-12,24,false,378337
AG-E1278,AG-P169,Public sector,2022-04,12,false,308844
AG-E1279,AG-P023,Enterprise,2022-08,12,false,458049
AG-E1280,AG-P024,Public sector,2022-01,36,false,323610
AG-E1281,AG-P141,Mid-market,2023-03,36,false,365172
AG-E1282,AG-P107,Enterprise,2023-03,12,false,329396
AG-E1283,AG-P184,Mid-market,2022-09,24,false,208470
AG-E1284,AG-P163,Upper mid-market,2023-02,24,false,85000
AG-E1285,AG-P007,Upper mid-market,2022-08,24,false,293819
AG-E1286,AG-P090,Enterprise,2023-06,12,false,492771
AG-E1287,AG-P119,Upper mid-market,2023-08,12,false,286470
AG-E1288,AG-P090,Mid-market,2022-08,24,false,268992
AG-E1289,AG-P079,Mid-market,2023-02,36,false,149236
AG-E1290,AG-P023,Mid-market,2021-11,36,false,327365
AG-E1291,AG-P165,Enterprise,2021-10,36,false,374070
AG-E1292,AG-P102,Enterprise,2022-06,36,false,142979
AG-E1293,AG-P105,Upper mid-market,2023-08,36,true,834142
AG-E1294,AG-P031,Mid-market,2023-06,24,false,263758
AG-E1295,AG-P006,Mid-market,2021-12,36,false,141040
AG-E1296,AG-P112,Upper mid-market,2021-10,24,false,1240960
AG-E1297,AG-P024,Upper mid-market,2022-12,36,false,329627
AG-E1298,AG-P053,Upper mid-market,2023-01,24,false,142904
AG-E1299,AG-P113,Public sector,2022-06,12,false,702645
AG-E1300,AG-P001,Mid-market,2022-06,24,false,325100
AG-E1301,AG-P112,Upper mid-market,2022-09,36,false,546110
AG-E1302,AG-P045,Enterprise,2023-07,36,false,455875
AG-E1303,AG-P094,Mid-market,2022-11,12,false,232143
AG-E1304,AG-P004,Public sector,2022-01,12,false,297655
AG-E1305,AG-P050,Mid-market,2021-11,24,false,170326
AG-E1306,AG-P020,Mid-market,2022-06,24,false,441790
AG-E1307,AG-P016,Upper mid-market,2022-07,24,false,154963
AG-E1308,AG-P112,Mid-market,2021-08,24,false,152412
AG-E1309,AG-P045,Upper mid-market,2021-10,24,false,529949
AG-E1310,AG-P102,Enterprise,2023-03,24,true,214716
AG-E1311,AG-P126,Mid-market,2023-02,24,false,90923
AG-E1312,AG-P126,Public sector,2022-01,36,false,155840
AG-E1313,AG-P093,Upper mid-market,2022-01,36,false,1228676
AG-E1314,AG-P129,Enterprise,2022-05,24,false,913003
AG-E1315,AG-P106,Public sector,2022-02,24,false,203486
AG-E1316,AG-P197,Mid-market,2021-11,12,false,176269
AG-E1317,AG-P014,Mid-market,2022-02,24,false,413961
AG-E1318,AG-P045,Enterprise,2022-09,12,false,295995
AG-E1319,AG-P004,Upper mid-market,2022-10,24,false,396190
AG-E1320,AG-P130,Mid-market,2022-09,12,false,377823
AG-E1321,AG-P007,Mid-market,2023-04,12,false,262529
AG-E1322,AG-P002,Mid-market,2023-03,24,false,212863
AG-E1323,AG-P045,Upper mid-market,2023-03,36,false,103786
AG-E1324,AG-P034,Public sector,2022-12,24,false,168323
AG-E1325,AG-P133,Upper mid-market,2022-01,12,false,601468
AG-E1326,AG-P067,Enterprise,2022-07,36,false,390997
AG-E1327,AG-P162,Mid-market,2021-12,24,true,166764
AG-E1328,AG-P045,Upper mid-market,2023-01,36,false,633956
AG-E1329,AG-P080,Mid-market,2022-05,36,false,784833
AG-E1330,AG-P120,Upper mid-market,2023-07,12,false,310035
AG-E1331,AG-P060,Enterprise,2023-01,24,false,320310
AG-E1332,AG-P102,Upper mid-market,2023-05,24,false,464182
AG-E1333,AG-P064,Upper mid-market,2023-07,36,false,608025
AG-E1334,AG-P183,Enterprise,2022-06,36,false,942517
AG-E1335,AG-P108,Public sector,2022-08,24,false,269131
AG-E1336,AG-P158,Mid-market,2022-07,12,false,101743
AG-E1337,AG-P094,Upper mid-market,2022-10,36,false,425684
AG-E1338,AG-P094,Mid-market,2022-05,24,false,114818
AG-E1339,AG-P032,Enterprise,2023-01,36,false,390337
AG-E1340,AG-P007,Public sector,2022-07,36,false,248428
AG-E1341,AG-P128,Enterprise,2021-09,12,false,763593
AG-E1342,AG-P004,Mid-market,2022-04,24,false,147640
AG-E1343,AG-P080,Enterprise,2022-08,24,false,328708
AG-E1344,AG-P174,Enterprise,2023-04,36,true,171941
AG-E1345,AG-P135,Mid-market,2023-04,24,false,128083
AG-E1346,AG-P133,Mid-market,2023-02,24,false,407215
AG-E1347,AG-P023,Mid-market,2021-10,24,false,369230
AG-E1348,AG-P195,Mid-market,2022-11,24,false,1250883
AG-E1349,AG-P035,Upper mid-market,2022-05,36,false,1097629
AG-E1350,AG-P016,Mid-market,2022-09,36,false,1592113
AG-E1351,AG-P102,Enterprise,2021-11,24,false,198799
AG-E1352,AG-P164,Mid-market,2022-05,24,false,309666
AG-E1353,AG-P176,Mid-market,2022-12,36,false,263273
AG-E1354,AG-P047,Mid-market,2023-01,24,false,237005
AG-E1355,AG-P182,Enterprise,2023-01,24,false,332368
AG-E1356,AG-P080,Upper mid-market,2022-03,36,false,421348
AG-E1357,AG-P177,Mid-market,2022-12,12,false,388293
AG-E1358,AG-P035,Enterprise,2022-05,12,false,197403
AG-E1359,AG-P061,Upper mid-market,2022-12,12,false,324976
AG-E1360,AG-P094,Upper mid-market,2021-08,24,false,277127
AG-E1361,AG-P016,Enterprise,2021-09,24,true,241345
AG-E1362,AG-P041,Enterprise,2022-02,24,false,705237
AG-E1363,AG-P105,Public sector,2023-02,24,false,567625
AG-E1364,AG-P061,Upper mid-market,2022-09,24,false,400758
AG-E1365,AG-P091,Upper mid-market,2022-02,36,false,246701
AG-E1366,AG-P062,Mid-market,2022-10,12,false,621610
AG-E1367,AG-P140,Upper mid-market,2022-01,36,false,371848
AG-E1368,AG-P219,Upper mid-market,2021-10,12,false,595933
AG-E1369,AG-P084,Mid-market,2023-07,24,false,339984
AG-E1370,AG-P125,Public sector,2022-04,24,false,563707
AG-E1371,AG-P159,Mid-market,2022-01,24,false,1240128
AG-E1372,AG-P144,Public sector,2021-10,24,false,397386
AG-E1373,AG-P072,Mid-market,2022-09,36,false,325388
AG-E1374,AG-P158,Mid-market,2023-01,12,false,190110
AG-E1375,AG-P169,Public sector,2022-04,24,false,194670
AG-E1376,AG-P111,Upper mid-market,2023-07,24,false,1037881
AG-E1377,AG-P103,Mid-market,2023-01,12,false,762905
AG-E1378,AG-P192,Mid-market,2022-04,36,true,253555
AG-E1379,AG-P104,Upper mid-market,2023-04,12,false,237300
AG-E1380,AG-P007,Enterprise,2023-04,12,false,594165
AG-E1381,AG-P121,Enterprise,2023-04,36,false,318121
AG-E1382,AG-P140,Mid-market,2023-02,12,false,473725
AG-E1383,AG-P102,Mid-market,2022-03,24,false,706821
AG-E1384,AG-P198,Public sector,2022-10,36,false,612711
AG-E1385,AG-P029,Upper mid-market,2021-10,24,false,956110
AG-E1386,AG-P016,Upper mid-market,2023-07,12,false,350652
AG-E1387,AG-P089,Mid-market,2022-12,36,false,321141
AG-E1388,AG-P117,Upper mid-market,2022-12,12,false,444495
AG-E1389,AG-P004,Upper mid-market,2023-08,36,false,554039
AG-E1390,AG-P015,Upper mid-market,2022-03,24,false,157511
AG-E1391,AG-P159,Mid-market,2022-08,24,false,193872
AG-E1392,AG-P124,Enterprise,2022-11,12,false,904974
AG-E1393,AG-P080,Upper mid-market,2023-01,24,false,343072
AG-E1394,AG-P010,Upper mid-market,2021-12,24,false,108453
AG-E1395,AG-P007,Enterprise,2022-02,36,true,161503
AG-E1396,AG-P045,Enterprise,2022-06,24,false,188596
AG-E1397,AG-P063,Enterprise,2022-07,24,false,217796
AG-E1398,AG-P035,Enterprise,2021-11,12,false,215363
AG-E1399,AG-P069,Mid-market,2022-12,24,false,153064
AG-E1400,AG-P138,Upper mid-market,2022-02,24,false,88708
AG-E1401,AG-P072,Upper mid-market,2021-09,24,false,362799
AG-E1402,AG-P218,Enterprise,2022-02,24,false,919445
AG-E1403,AG-P069,Mid-market,2022-03,24,false,742311
AG-E1404,AG-P024,Mid-market,2022-10,12,false,177947
AG-E1405,AG-P060,Enterprise,2021-12,24,false,206750
AG-E1406,AG-P030,Enterprise,2022-09,24,false,332520
AG-E1407,AG-P007,Enterprise,2022-06,24,false,183946
AG-E1408,AG-P054,Enterprise,2022-08,24,false,871209
AG-E1409,AG-P010,Upper mid-market,2022-01,24,false,291863
AG-E1410,AG-P045,Public sector,2022-11,24,false,372270
AG-E1411,AG-P174,Mid-market,2022-12,36,false,163612
AG-E1412,AG-P006,Public sector,2021-08,24,true,736128
AG-E1413,AG-P109,Mid-market,2022-03,12,false,1068748
AG-E1414,AG-P036,Mid-market,2023-08,12,false,555519
AG-E1415,AG-P158,Upper mid-market,2022-07,36,false,315765
AG-E1416,AG-P078,Mid-market,2022-02,12,false,196989
AG-E1417,AG-P090,Upper mid-market,2022-08,36,false,286054
AG-E1418,AG-P037,Upper mid-market,2023-08,24,false,129661
AG-E1419,AG-P162,Enterprise,2022-03,36,false,132945
AG-E1420,AG-P067,Mid-market,2023-08,12,false,341075
AG-E1421,AG-P218,Mid-market,2022-11,24,false,87431
AG-E1422,AG-P041,Mid-market,2022-02,36,false,382109
AG-E1423,AG-P093,Upper mid-market,2022-08,36,false,132096
AG-E1424,AG-P059,Mid-market,2021-12,24,false,330409
AG-E1425,AG-P084,Enterprise,2021-10,12,false,343944
AG-E1426,AG-P217,Mid-market,2023-06,12,false,124989
AG-E1427,AG-P069,Upper mid-market,2021-10,12,false,505823
AG-E1428,AG-P197,Mid-market,2022-03,24,false,510045
AG-E1429,AG-P054,Enterprise,2022-11,24,true,157449
AG-E1430,AG-P190,Public sector,2022-05,24,false,314321
AG-E1431,AG-P090,Upper mid-market,2023-08,24,false,556132
AG-E1432,AG-P059,Upper mid-market,2022-04,24,false,381915
AG-E1433,AG-P065,Enterprise,2023-07,24,false,162522
AG-E1434,AG-P060,Mid-market,2023-05,12,false,356381
AG-E1435,AG-P203,Upper mid-market,2022-03,36,false,247618
AG-E1436,AG-P028,Upper mid-market,2022-03,24,false,169814
AG-E1437,AG-P113,Enterprise,2023-04,24,false,275243
AG-E1438,AG-P063,Mid-market,2023-07,12,false,106082
AG-E1439,AG-P029,Mid-market,2022-03,24,false,609878
AG-E1440,AG-P081,Upper mid-market,2023-02,36,false,216539
AG-E1441,AG-P015,Public sector,2023-01,24,false,312548
AG-E1442,AG-P161,Mid-market,2021-09,24,false,1261345
AG-E1443,AG-P023,Enterprise,2022-06,12,false,436599
AG-E1444,AG-P120,Public sector,2022-01,24,false,219674
AG-E1445,AG-P023,Upper mid-market,2022-06,24,false,211366
AG-E1446,AG-P201,Upper mid-market,2023-07,36,true,163764
AG-E1447,AG-P144,Public sector,2022-02,36,false,651011
AG-E1448,AG-P078,Upper mid-market,2021-09,24,false,198705
AG-E1449,AG-P192,Upper mid-market,2022-05,24,false,85000
AG-E1450,AG-P062,Mid-market,2021-09,36,false,98818
AG-E1451,AG-P094,Public sector,2021-10,24,false,171467
AG-E1452,AG-P160,Mid-market,2022-01,36,false,474139
AG-E1453,AG-P158,Enterprise,2023-08,24,false,148410
AG-E1454,AG-P043,Public sector,2023-08,12,false,183451
AG-E1455,AG-P165,Upper mid-market,2021-10,24,false,363872
AG-E1456,AG-P014,Mid-market,2022-08,24,false,325377
AG-E1457,AG-P015,Enterprise,2022-07,36,false,150351
AG-E1458,AG-P188,Upper mid-market,2023-08,24,false,1089687
AG-E1459,AG-P024,Upper mid-market,2022-07,12,false,125442
AG-E1460,AG-P106,Upper mid-market,2023-06,24,false,281698
AG-E1461,AG-P051,Mid-market,2023-06,24,false,183786
AG-E1462,AG-P113,Upper mid-market,2021-11,12,false,274027
AG-E1463,AG-P115,Upper mid-market,2022-12,24,true,465964
AG-E1464,AG-P072,Enterprise,2023-05,36,false,102059
AG-E1465,AG-P192,Enterprise,2021-08,24,false,645268
AG-E1466,AG-P126,Enterprise,2023-01,12,false,950501
AG-E1467,AG-P072,Enterprise,2022-05,24,false,602312
AG-E1468,AG-P160,Upper mid-market,2021-12,12,false,323962
AG-E1469,AG-P037,Enterprise,2022-01,24,false,408803
AG-E1470,AG-P036,Mid-market,2022-03,24,false,93705
AG-E1471,AG-P009,Public sector,2022-05,24,false,585014
AG-E1472,AG-P002,Public sector,2022-10,12,false,184484
AG-E1473,AG-P072,Mid-market,2023-07,24,false,251480
AG-E1474,AG-P144,Mid-market,2023-07,36,false,246105
AG-E1475,AG-P035,Public sector,2022-09,24,false,469383
AG-E1476,AG-P206,Enterprise,2022-03,12,false,115144
AG-E1477,AG-P007,Upper mid-market,2022-04,24,false,179405
AG-E1478,AG-P102,Enterprise,2022-05,24,false,212059
AG-E1479,AG-P059,Mid-market,2022-11,12,false,165262
AG-E1480,AG-P045,Enterprise,2023-05,24,true,516868
AG-E1481,AG-P148,Upper mid-market,2023-07,24,false,90437
AG-E1482,AG-P128,Mid-market,2023-07,36,false,277133
AG-E1483,AG-P011,Enterprise,2022-03,36,false,291847
AG-E1484,AG-P009,Mid-market,2021-12,24,false,410888
AG-E1485,AG-P128,Upper mid-market,2021-10,24,false,284054
AG-E1486,AG-P016,Enterprise,2022-06,24,false,185372
AG-E1487,AG-P020,Enterprise,2021-12,24,false,127865
AG-E1488,AG-P091,Upper mid-market,2023-02,24,false,294221
AG-E1489,AG-P164,Mid-market,2022-11,12,false,398354
AG-E1490,AG-P205,Upper mid-market,2021-12,24,false,493628
AG-E1491,AG-P041,Upper mid-market,2023-03,24,false,261356
AG-E1492,AG-P036,Public sector,2022-06,12,false,185389
AG-E1493,AG-P080,Upper mid-market,2023-08,12,false,458758
AG-E1494,AG-P077,Mid-market,2023-07,24,false,141342
AG-E1495,AG-P015,Mid-market,2022-06,36,false,401514
AG-E1496,AG-P162,Upper mid-market,2022-10,12,false,1539055
AG-E1497,AG-P142,Upper mid-market,2021-10,36,true,148967
AG-E1498,AG-P024,Upper mid-market,2023-08,36,false,552940
AG-E1499,AG-P010,Public sector,2023-01,12,false,425778
AG-E1500,AG-P035,Enterprise,2023-01,24,false,394316
AG-E1501,AG-P164,Mid-market,2022-03,12,false,422463
AG-E1502,AG-P133,Upper mid-market,2022-01,12,false,365978
AG-E1503,AG-P102,Enterprise,2022-08,12,false,85000
AG-E1504,AG-P183,Mid-market,2022-04,24,false,88601
AG-E1505,AG-P064,Upper mid-market,2023-01,24,false,495078
AG-E1506,AG-P212,Mid-market,2023-04,24,false,97951
AG-E1507,AG-P126,Upper mid-market,2021-12,24,false,619797
AG-E1508,AG-P119,Mid-market,2021-10,12,false,110238
AG-E1509,AG-P206,Upper mid-market,2022-06,24,false,366460
AG-E1510,AG-P061,Mid-market,2022-09,12,false,168872
AG-E1511,AG-P140,Mid-market,2023-02,36,false,135924
AG-E1512,AG-P053,Enterprise,2022-01,24,false,500943
AG-E1513,AG-P024,Upper mid-market,2023-03,12,false,462994
AG-E1514,AG-P050,Mid-market,2022-06,12,true,291995
AG-E1515,AG-P007,Public sector,2022-06,24,false,349956
AG-E1516,AG-P190,Upper mid-market,2022-08,24,false,545206
AG-E1517,AG-P024,Public sector,2021-12,36,false,126025
AG-E1518,AG-P049,Public sector,2021-12,24,false,298017
AG-E1519,AG-P199,Mid-market,2022-01,12,false,174553
AG-E1520,AG-P027,Mid-market,2021-10,24,false,332220
AG-E1521,AG-P102,Upper mid-market,2023-01,36,false,542877
AG-E1522,AG-P198,Upper mid-market,2021-08,12,false,742669
AG-E1523,AG-P001,Mid-market,2022-02,24,false,142710
AG-E1524,AG-P102,Mid-market,2022-07,24,false,280634
AG-E1525,AG-P023,Enterprise,2022-08,12,false,290394
AG-E1526,AG-P192,Upper mid-market,2022-05,24,false,409390
AG-E1527,AG-P163,Public sector,2022-06,24,false,467872
AG-E1528,AG-P184,Mid-market,2022-12,24,false,107775
AG-E1529,AG-P007,Upper mid-market,2021-10,24,false,458194
AG-E1530,AG-P010,Upper mid-market,2022-10,12,false,189312
AG-E1531,AG-P112,Public sector,2022-09,24,true,369319
AG-E1532,AG-P065,Public sector,2022-02,36,false,199459
AG-E1533,AG-P016,Enterprise,2023-07,12,false,905656
AG-E1534,AG-P093,Mid-market,2022-09,36,false,317800
AG-E1535,AG-P198,Upper mid-market,2022-04,24,false,112857
AG-E1536,AG-P027,Upper mid-market,2022-03,24,false,785306
AG-E1537,AG-P052,Mid-market,2022-05,24,false,566463
AG-E1538,AG-P084,Upper mid-market,2022-03,12,false,160693
AG-E1539,AG-P093,Upper mid-market,2023-08,12,false,342077
AG-E1540,AG-P078,Upper mid-market,2022-03,12,false,111371
AG-E1541,AG-P045,Upper mid-market,2021-12,24,false,170177
AG-E1542,AG-P197,Public sector,2021-11,36,false,437046
AG-E1543,AG-P028,Enterprise,2021-10,24,false,438039
AG-E1544,AG-P165,Upper mid-market,2022-06,24,false,195245
AG-E1545,AG-P032,Mid-market,2022-10,24,false,177102
AG-E1546,AG-P020,Mid-market,2021-11,24,false,380854
AG-E1547,AG-P144,Public sector,2022-01,12,false,193762
AG-E1548,AG-P179,Mid-market,2022-08,24,true,193571
AG-E1549,AG-P109,Upper mid-market,2023-05,24,false,763935
AG-E1550,AG-P116,Mid-market,2022-11,24,false,149400
AG-E1551,AG-P084,Public sector,2023-04,24,false,198480
AG-E1552,AG-P006,Upper mid-market,2022-05,36,false,1217625
AG-E1553,AG-P103,Public sector,2022-09,12,false,1024187
AG-E1554,AG-P007,Mid-market,2022-06,24,false,434378
AG-E1555,AG-P064,Mid-market,2022-02,36,false,296970
AG-E1556,AG-P091,Public sector,2023-04,12,false,558802
AG-E1557,AG-P162,Mid-market,2022-08,36,false,274792
AG-E1558,AG-P190,Mid-market,2023-03,24,false,195175
AG-E1559,AG-P010,Mid-market,2021-11,24,false,330658
AG-E1560,AG-P158,Mid-market,2022-04,12,false,271706
AG-E1561,AG-P068,Public sector,2021-10,36,false,533178
AG-E1562,AG-P061,Upper mid-market,2022-10,24,false,241914
AG-E1563,AG-P010,Mid-market,2021-11,12,false,215853
AG-E1564,AG-P093,Mid-market,2021-11,24,false,311086
AG-E1565,AG-P080,Enterprise,2021-08,24,true,754221
AG-E1566,AG-P158,Enterprise,2021-09,12,false,456551
AG-E1567,AG-P173,Upper mid-market,2021-10,12,false,386743
AG-E1568,AG-P091,Mid-market,2023-02,12,false,306473
AG-E1569,AG-P024,Mid-market,2022-06,36,false,460441
AG-E1570,AG-P218,Mid-market,2022-02,24,false,194137
AG-E1571,AG-P072,Mid-market,2022-01,24,false,506069
AG-E1572,AG-P133,Public sector,2021-11,12,false,576226
AG-E1573,AG-P159,Public sector,2023-02,12,false,153136
AG-E1574,AG-P158,Upper mid-market,2023-01,24,false,231848
AG-E1575,AG-P107,Mid-market,2022-10,24,false,630072
AG-E1576,AG-P016,Mid-market,2021-12,24,false,660503
AG-E1577,AG-P061,Mid-market,2022-04,24,false,244028
AG-E1578,AG-P106,Upper mid-market,2021-08,24,false,281166
AG-E1579,AG-P036,Mid-market,2021-10,24,false,293674
AG-E1580,AG-P015,Mid-market,2022-12,36,false,308332
AG-E1581,AG-P158,Enterprise,2022-05,24,false,311541
AG-E1582,AG-P050,Upper mid-market,2022-02,24,true,286442
AG-E1583,AG-P004,Enterprise,2023-08,24,false,313714
AG-E1584,AG-P050,Enterprise,2022-02,12,false,400502
AG-E1585,AG-P137,Public sector,2022-12,36,false,317801
AG-E1586,AG-P056,Enterprise,2022-01,24,false,335684
AG-E1587,AG-P078,Public sector,2022-07,36,false,344504
AG-E1588,AG-P016,Mid-market,2022-07,12,false,416669
AG-E1589,AG-P018,Upper mid-market,2022-08,24,false,449080
AG-E1590,AG-P029,Public sector,2022-01,24,false,760607
AG-E1591,AG-P054,Upper mid-market,2022-07,24,false,440754
AG-E1592,AG-P154,Mid-market,2022-08,36,false,112732
AG-E1593,AG-P029,Public sector,2022-08,12,false,184046
AG-E1594,AG-P204,Mid-market,2021-12,36,false,396613
AG-E1595,AG-P065,Upper mid-market,2022-01,36,false,795317
AG-E1596,AG-P023,Mid-market,2021-09,12,false,132377
AG-E1597,AG-P121,Public sector,2023-02,24,false,319131
AG-E1598,AG-P031,Public sector,2022-08,24,false,431787
AG-E1599,AG-P128,Upper mid-market,2022-08,24,true,139295
AG-E1600,AG-P031,Upper mid-market,2021-10,36,false,394371
