account_id,observed_at,treatment,risk_score,realized_increase_pct,renewed
AG-R0001,2026-07-15T00:00:00Z,1,-0.071599,8.144703,1
AG-R0002,2026-07-15T00:00:00Z,0,-1.597465,2.886131,1
AG-R0003,2026-07-15T00:00:00Z,0,-1.033023,0.000000,1
AG-R0004,2026-07-15T00:00:00Z,0,-0.642238,2.180264,1
AG-R0005,2026-07-15T00:00:00Z,0,-0.959894,1.385759,1
AG-R0006,2026-07-15T00:00:00Z,1,0.737679,6.556138,1
AG-R0007,2026-07-15T00:00:00Z,0,-0.428056,0.000000,1
AG-R0008,2026-07-15T00:00:00Z,0,-0.708140,1.297810,1
AG-R0009,2026-07-15T00:00:00Z,1,0.191532,6.457453,1
AG-R0010,2026-07-15T00:00:00Z,1,0.571847,6.738472,1
AG-R0011,2026-07-15T00:00:00Z,1,0.102324,10.130782,1
AG-R0012,2026-07-15T00:00:00Z,0,0.356647,1.206079,1
AG-R0013,2026-07-15T00:00:00Z,1,1.319152,5.149246,0
AG-R0014,2026-07-15T00:00:00Z,1,2.072263,4.297247,1
AG-R0015,2026-07-15T00:00:00Z,0,0.112578,0.000000,1
AG-R0016,2026-07-15T00:00:00Z,1,-0.356228,8.135374,1
AG-R0017,2026-07-15T00:00:00Z,0,-0.861633,1.170845,1
AG-R0018,2026-07-15T00:00:00Z,0,0.949877,0.000000,1
AG-R0019,2026-07-15T00:00:00Z,0,1.764472,0.000000,1
AG-R0020,2026-07-15T00:00:00Z,1,-0.469300,9.553811,1
AG-R0021,2026-07-15T00:00:00Z,0,-0.020203,0.549405,1
AG-R0022,2026-07-15T00:00:00Z,1,-0.072763,8.744786,1
AG-R0023,2026-07-15T00:00:00Z,0,0.063736,0.000000,1
AG-R0024,2026-07-15T00:00:00Z,0,0.237339,0.000000,1
AG-R0025,2026-07-15T00:00:00Z,0,0.575575,0.000000,1
AG-R0026,2026-07-15T00:00:00Z,1,1.598926,4.748254,1
AG-R0027,2026-07-15T00:00:00Z,1,0.230982,7.648480,1
AG-R0028,2026-07-15T00:00:00Z,1,-0.018031,8.601095,1
AG-R0029,2026-07-15T00:00:00Z,0,-1.000030,1.470234,1
AG-R0030,2026-07-15T00:00:00Z,0,-0.993814,3.412894,1
AG-R0031,2026-07-15T00:00:00Z,0,-1.631122,4.668322,1
AG-R0032,2026-07-15T00:00:00Z,1,0.123682,8.106482,1
AG-R0033,2026-07-15T00:00:00Z,1,-0.203279,7.077290,1
AG-R0034,2026-07-15T00:00:00Z,0,1.439811,0.000000,1
AG-R0035,2026-07-15T00:00:00Z,1,-0.383690,9.066875,1
AG-R0036,2026-07-15T00:00:00Z,0,-1.008321,1.359578,1
AG-R0037,2026-07-15T00:00:00Z,0,1.833334,0.000000,0
AG-R0038,2026-07-15T00:00:00Z,0,1.109590,0.000000,1
AG-R0039,2026-07-15T00:00:00Z,0,2.395996,0.000000,1
AG-R0040,2026-07-15T00:00:00Z,1,0.317108,8.437459,0
AG-R0041,2026-07-15T00:00:00Z,1,0.954728,4.838764,1
AG-R0042,2026-07-15T00:00:00Z,0,-0.910653,1.094114,1
AG-R0043,2026-07-15T00:00:00Z,0,-0.181120,0.627425,1
AG-R0044,2026-07-15T00:00:00Z,0,0.020627,0.000000,1
AG-R0045,2026-07-15T00:00:00Z,0,0.764950,0.000000,1
AG-R0046,2026-07-15T00:00:00Z,0,-1.059301,1.552101,1
AG-R0047,2026-07-15T00:00:00Z,0,-0.072296,0.811627,1
AG-R0048,2026-07-15T00:00:00Z,1,1.632950,6.013317,1
AG-R0049,2026-07-15T00:00:00Z,0,-0.330395,1.038957,1
AG-R0050,2026-07-15T00:00:00Z,0,-0.222251,1.917826,1
AG-R0051,2026-07-15T00:00:00Z,1,-1.461602,9.617057,0
AG-R0052,2026-07-15T00:00:00Z,1,0.832526,5.881695,1
AG-R0053,2026-07-15T00:00:00Z,0,-0.271503,0.000000,1
AG-R0054,2026-07-15T00:00:00Z,1,-0.167330,8.287693,1
AG-R0055,2026-07-15T00:00:00Z,1,-0.064349,8.675017,1
AG-R0056,2026-07-15T00:00:00Z,0,-0.374664,1.117871,0
AG-R0057,2026-07-15T00:00:00Z,1,0.419890,7.366251,1
AG-R0058,2026-07-15T00:00:00Z,0,0.175426,0.220110,1
AG-R0059,2026-07-15T00:00:00Z,1,-1.246126,10.624356,1
AG-R0060,2026-07-15T00:00:00Z,0,0.150091,0.000000,1
AG-R0061,2026-07-15T00:00:00Z,0,-1.633095,3.741575,1
AG-R0062,2026-07-15T00:00:00Z,1,0.971567,5.092056,0
AG-R0063,2026-07-15T00:00:00Z,1,-2.712414,11.972516,1
AG-R0064,2026-07-15T00:00:00Z,0,0.300041,0.050559,1
AG-R0065,2026-07-15T00:00:00Z,0,-0.536665,2.492823,1
AG-R0066,2026-07-15T00:00:00Z,1,-0.689357,9.776855,1
AG-R0067,2026-07-15T00:00:00Z,0,-0.570085,1.080247,0
AG-R0068,2026-07-15T00:00:00Z,1,-0.326015,8.119099,1
AG-R0069,2026-07-15T00:00:00Z,0,-1.377393,2.869601,1
AG-R0070,2026-07-15T00:00:00Z,1,0.218002,7.317508,1
AG-R0071,2026-07-15T00:00:00Z,1,0.811452,6.052357,1
AG-R0072,2026-07-15T00:00:00Z,1,1.043409,5.735450,0
AG-R0073,2026-07-15T00:00:00Z,0,0.659967,0.000000,1
AG-R0074,2026-07-15T00:00:00Z,1,0.373813,7.819950,0
AG-R0075,2026-07-15T00:00:00Z,1,-1.157069,8.533935,1
AG-R0076,2026-07-15T00:00:00Z,0,-0.814653,2.521693,1
AG-R0077,2026-07-15T00:00:00Z,1,-1.394651,10.089356,1
AG-R0078,2026-07-15T00:00:00Z,0,-1.009746,1.776868,1
AG-R0079,2026-07-15T00:00:00Z,1,0.365603,6.211144,0
AG-R0080,2026-07-15T00:00:00Z,0,-0.055616,0.000000,1
AG-R0081,2026-07-15T00:00:00Z,1,-0.516057,8.149538,1
AG-R0082,2026-07-15T00:00:00Z,1,0.890819,5.835365,1
AG-R0083,2026-07-15T00:00:00Z,1,0.249559,6.474111,0
AG-R0084,2026-07-15T00:00:00Z,1,0.020687,7.758627,1
AG-R0085,2026-07-15T00:00:00Z,0,-1.067898,2.465932,1
AG-R0086,2026-07-15T00:00:00Z,1,-1.109184,10.035779,1
AG-R0087,2026-07-15T00:00:00Z,0,-0.748698,2.301436,1
AG-R0088,2026-07-15T00:00:00Z,0,1.276858,0.000000,1
AG-R0089,2026-07-15T00:00:00Z,1,-0.115146,8.871817,1
AG-R0090,2026-07-15T00:00:00Z,0,0.656829,0.000000,1
AG-R0091,2026-07-15T00:00:00Z,1,-1.108036,9.248153,1
AG-R0092,2026-07-15T00:00:00Z,0,0.926366,0.000000,1
AG-R0093,2026-07-15T00:00:00Z,0,-0.493801,1.759528,1
AG-R0094,2026-07-15T00:00:00Z,1,-1.031133,7.423461,1
AG-R0095,2026-07-15T00:00:00Z,1,1.689592,5.620182,1
AG-R0096,2026-07-15T00:00:00Z,0,-0.666255,0.398332,1
AG-R0097,2026-07-15T00:00:00Z,1,0.572003,6.472761,1
AG-R0098,2026-07-15T00:00:00Z,1,3.554263,0.859641,1
AG-R0099,2026-07-15T00:00:00Z,1,-0.588656,9.075825,1
AG-R0100,2026-07-15T00:00:00Z,1,-1.518167,9.973506,1
AG-R0101,2026-07-15T00:00:00Z,1,-1.538409,9.864421,1
AG-R0102,2026-07-15T00:00:00Z,0,1.534881,0.000000,1
AG-R0103,2026-07-15T00:00:00Z,0,0.159192,0.000000,1
AG-R0104,2026-07-15T00:00:00Z,1,-1.398726,9.605319,1
AG-R0105,2026-07-15T00:00:00Z,1,-0.789152,7.263640,1
AG-R0106,2026-07-15T00:00:00Z,1,1.013844,7.944312,0
AG-R0107,2026-07-15T00:00:00Z,1,0.795908,7.481982,1
AG-R0108,2026-07-15T00:00:00Z,0,-0.529741,1.596851,1
AG-R0109,2026-07-15T00:00:00Z,1,-0.881815,8.319021,1
AG-R0110,2026-07-15T00:00:00Z,0,0.411357,0.000000,1
AG-R0111,2026-07-15T00:00:00Z,0,0.744007,0.000000,1
AG-R0112,2026-07-15T00:00:00Z,0,-1.124293,1.407929,1
AG-R0113,2026-07-15T00:00:00Z,1,-1.227147,10.369594,1
AG-R0114,2026-07-15T00:00:00Z,1,0.181004,8.357496,1
AG-R0115,2026-07-15T00:00:00Z,1,0.676259,7.514077,1
AG-R0116,2026-07-15T00:00:00Z,0,0.805106,0.000000,1
AG-R0117,2026-07-15T00:00:00Z,1,-0.662277,9.369260,1
AG-R0118,2026-07-15T00:00:00Z,1,1.049505,8.738372,1
AG-R0119,2026-07-15T00:00:00Z,0,0.418112,0.000000,1
AG-R0120,2026-07-15T00:00:00Z,0,0.054185,0.000000,1
AG-R0121,2026-07-15T00:00:00Z,1,-1.259401,11.021129,0
AG-R0122,2026-07-15T00:00:00Z,1,-1.028880,9.139599,1
AG-R0123,2026-07-15T00:00:00Z,0,1.092522,0.000000,1
AG-R0124,2026-07-15T00:00:00Z,1,-1.393447,9.553488,1
AG-R0125,2026-07-15T00:00:00Z,1,-0.403921,8.364374,1
AG-R0126,2026-07-15T00:00:00Z,0,-0.991345,3.115110,1
AG-R0127,2026-07-15T00:00:00Z,0,-0.657696,0.856456,1
AG-R0128,2026-07-15T00:00:00Z,0,0.110187,0.000000,1
AG-R0129,2026-07-15T00:00:00Z,0,0.712754,0.000000,1
AG-R0130,2026-07-15T00:00:00Z,0,0.791601,0.000000,0
AG-R0131,2026-07-15T00:00:00Z,0,0.019352,0.000000,1
AG-R0132,2026-07-15T00:00:00Z,0,0.460949,0.000000,0
AG-R0133,2026-07-15T00:00:00Z,1,1.756144,4.811031,1
AG-R0134,2026-07-15T00:00:00Z,0,0.010288,1.083486,1
AG-R0135,2026-07-15T00:00:00Z,1,1.569740,3.681683,1
AG-R0136,2026-07-15T00:00:00Z,0,-1.319285,2.302735,1
AG-R0137,2026-07-15T00:00:00Z,1,2.693083,3.860927,1
AG-R0138,2026-07-15T00:00:00Z,1,-0.035362,9.244977,1
AG-R0139,2026-07-15T00:00:00Z,0,-0.859768,1.332122,1
AG-R0140,2026-07-15T00:00:00Z,0,1.440979,0.000000,1
AG-R0141,2026-07-15T00:00:00Z,0,0.710835,0.000000,0
AG-R0142,2026-07-15T00:00:00Z,0,-0.513897,0.000000,1
AG-R0143,2026-07-15T00:00:00Z,0,0.066593,2.381246,1
AG-R0144,2026-07-15T00:00:00Z,1,-0.599488,7.894917,1
AG-R0145,2026-07-15T00:00:00Z,0,1.043614,0.000000,1
AG-R0146,2026-07-15T00:00:00Z,0,1.089704,0.000000,1
AG-R0147,2026-07-15T00:00:00Z,0,0.415930,0.000000,1
AG-R0148,2026-07-15T00:00:00Z,0,-0.122849,0.000000,1
AG-R0149,2026-07-15T00:00:00Z,0,-0.564875,0.263945,1
AG-R0150,2026-07-15T00:00:00Z,1,-3.186835,11.621592,1
AG-R0151,2026-07-15T00:00:00Z,1,0.296253,9.915693,1
AG-R0152,2026-07-15T00:00:00Z,0,-1.482700,3.288654,1
AG-R0153,2026-07-15T00:00:00Z,0,0.217148,0.032545,1
AG-R0154,2026-07-15T00:00:00Z,0,0.410942,0.000000,1
AG-R0155,2026-07-15T00:00:00Z,1,1.247598,6.983310,1
AG-R0156,2026-07-15T00:00:00Z,1,0.091797,7.858334,1
AG-R0157,2026-07-15T00:00:00Z,0,0.824838,0.000000,1
AG-R0158,2026-07-15T00:00:00Z,1,0.593499,5.837127,1
AG-R0159,2026-07-15T00:00:00Z,0,-0.458327,1.072056,1
AG-R0160,2026-07-15T00:00:00Z,1,-1.120316,9.671906,1
AG-R0161,2026-07-15T00:00:00Z,0,0.760808,0.000000,1
AG-R0162,2026-07-15T00:00:00Z,0,-0.095847,0.000000,1
AG-R0163,2026-07-15T00:00:00Z,0,-1.524653,2.867651,1
AG-R0164,2026-07-15T00:00:00Z,0,-0.927796,2.457920,1
AG-R0165,2026-07-15T00:00:00Z,0,-1.188114,2.859327,1
AG-R0166,2026-07-15T00:00:00Z,0,-1.038713,1.587698,1
AG-R0167,2026-07-15T00:00:00Z,1,0.941699,6.101040,1
AG-R0168,2026-07-15T00:00:00Z,1,-0.582621,7.820427,1
AG-R0169,2026-07-15T00:00:00Z,0,-0.399246,0.004373,1
AG-R0170,2026-07-15T00:00:00Z,1,-0.434569,8.283118,1
AG-R0171,2026-07-15T00:00:00Z,1,-0.733479,8.349404,1
AG-R0172,2026-07-15T00:00:00Z,0,1.739562,0.000000,1
AG-R0173,2026-07-15T00:00:00Z,0,0.102960,0.000000,1
AG-R0174,2026-07-15T00:00:00Z,1,0.983311,5.800391,1
AG-R0175,2026-07-15T00:00:00Z,0,-0.728474,0.824957,1
AG-R0176,2026-07-15T00:00:00Z,0,0.365055,0.000000,1
AG-R0177,2026-07-15T00:00:00Z,1,-0.634812,8.919465,1
AG-R0178,2026-07-15T00:00:00Z,1,-1.095494,9.532777,1
AG-R0179,2026-07-15T00:00:00Z,0,-1.445909,3.044139,1
AG-R0180,2026-07-15T00:00:00Z,0,1.071933,0.000000,1
AG-R0181,2026-07-15T00:00:00Z,1,0.543435,7.718482,1
AG-R0182,2026-07-15T00:00:00Z,1,0.955151,6.582595,0
AG-R0183,2026-07-15T00:00:00Z,1,-0.778086,9.786951,1
AG-R0184,2026-07-15T00:00:00Z,1,-0.979382,9.951549,0
AG-R0185,2026-07-15T00:00:00Z,0,-1.615984,3.699705,1
AG-R0186,2026-07-15T00:00:00Z,1,1.891309,4.892127,0
AG-R0187,2026-07-15T00:00:00Z,1,-0.802740,10.015345,1
AG-R0188,2026-07-15T00:00:00Z,0,-1.262833,2.298739,1
AG-R0189,2026-07-15T00:00:00Z,0,0.563966,0.000000,0
AG-R0190,2026-07-15T00:00:00Z,0,-1.476293,1.669085,1
AG-R0191,2026-07-15T00:00:00Z,0,-0.036677,0.000000,1
AG-R0192,2026-07-15T00:00:00Z,1,-3.170380,14.242373,1
AG-R0193,2026-07-15T00:00:00Z,1,-2.423906,12.152379,1
AG-R0194,2026-07-15T00:00:00Z,0,-0.563901,1.133854,1
AG-R0195,2026-07-15T00:00:00Z,0,0.549849,0.000000,1
AG-R0196,2026-07-15T00:00:00Z,1,1.552176,4.981530,1
AG-R0197,2026-07-15T00:00:00Z,1,-0.829422,10.814204,1
AG-R0198,2026-07-15T00:00:00Z,0,-1.143464,2.817933,1
AG-R0199,2026-07-15T00:00:00Z,1,0.285755,6.980835,1
AG-R0200,2026-07-15T00:00:00Z,0,0.530678,0.259778,1
AG-R0201,2026-07-15T00:00:00Z,0,-2.211524,4.193355,1
AG-R0202,2026-07-15T00:00:00Z,1,0.225132,9.212388,1
AG-R0203,2026-07-15T00:00:00Z,1,0.508315,6.783427,1
AG-R0204,2026-07-15T00:00:00Z,1,-1.483373,11.598341,1
AG-R0205,2026-07-15T00:00:00Z,1,-0.062792,9.311878,0
AG-R0206,2026-07-15T00:00:00Z,1,-0.251446,8.112798,1
AG-R0207,2026-07-15T00:00:00Z,0,0.920052,0.000000,1
AG-R0208,2026-07-15T00:00:00Z,0,-0.110795,0.000000,0
AG-R0209,2026-07-15T00:00:00Z,0,-1.184980,0.412567,1
AG-R0210,2026-07-15T00:00:00Z,0,0.936500,0.000000,1
AG-R0211,2026-07-15T00:00:00Z,1,-0.877006,8.958150,0
AG-R0212,2026-07-15T00:00:00Z,1,-0.353686,10.381786,1
AG-R0213,2026-07-15T00:00:00Z,1,-1.158173,8.772578,1
AG-R0214,2026-07-15T00:00:00Z,0,0.375998,0.000000,1
AG-R0215,2026-07-15T00:00:00Z,0,0.538339,0.000000,1
AG-R0216,2026-07-15T00:00:00Z,1,-0.485060,9.191518,1
AG-R0217,2026-07-15T00:00:00Z,0,0.080741,0.210968,1
AG-R0218,2026-07-15T00:00:00Z,1,0.311643,7.138613,1
AG-R0219,2026-07-15T00:00:00Z,0,-1.793494,3.722015,1
AG-R0220,2026-07-15T00:00:00Z,1,1.220498,5.855376,0
AG-R0221,2026-07-15T00:00:00Z,1,-0.988895,10.712119,1
AG-R0222,2026-07-15T00:00:00Z,1,0.931155,6.127667,1
AG-R0223,2026-07-15T00:00:00Z,0,0.175761,0.000000,1
AG-R0224,2026-07-15T00:00:00Z,0,0.873473,0.000000,1
AG-R0225,2026-07-15T00:00:00Z,1,-0.446377,6.183178,1
AG-R0226,2026-07-15T00:00:00Z,0,-1.028694,1.593514,1
AG-R0227,2026-07-15T00:00:00Z,1,0.183645,8.517490,1
AG-R0228,2026-07-15T00:00:00Z,1,-1.704109,12.279017,1
AG-R0229,2026-07-15T00:00:00Z,1,-1.204449,10.540421,1
AG-R0230,2026-07-15T00:00:00Z,1,-1.670990,10.416653,1
AG-R0231,2026-07-15T00:00:00Z,0,-0.661388,0.858278,1
AG-R0232,2026-07-15T00:00:00Z,1,-1.271923,10.060370,1
AG-R0233,2026-07-15T00:00:00Z,1,-0.991666,9.730279,1
AG-R0234,2026-07-15T00:00:00Z,0,0.224844,0.000000,1
AG-R0235,2026-07-15T00:00:00Z,0,-1.014701,1.679560,1
AG-R0236,2026-07-15T00:00:00Z,0,0.758752,0.000000,1
AG-R0237,2026-07-15T00:00:00Z,0,-1.760563,4.820294,1
AG-R0238,2026-07-15T00:00:00Z,0,-0.745099,2.117809,1
AG-R0239,2026-07-15T00:00:00Z,1,-0.495487,8.433919,1
AG-R0240,2026-07-15T00:00:00Z,0,0.176631,0.000000,1
AG-R0241,2026-07-15T00:00:00Z,1,-0.851539,9.407015,1
AG-R0242,2026-07-15T00:00:00Z,1,-0.077780,8.786130,1
AG-R0243,2026-07-15T00:00:00Z,1,-2.020502,11.217632,1
AG-R0244,2026-07-15T00:00:00Z,1,-0.379287,8.906888,0
AG-R0245,2026-07-15T00:00:00Z,0,0.757154,0.000000,1
AG-R0246,2026-07-15T00:00:00Z,1,-0.656124,8.059423,1
AG-R0247,2026-07-15T00:00:00Z,1,-1.276837,11.002178,1
AG-R0248,2026-07-15T00:00:00Z,0,0.303217,0.429185,0
AG-R0249,2026-07-15T00:00:00Z,1,0.639120,5.295075,1
AG-R0250,2026-07-15T00:00:00Z,1,0.405233,7.206628,1
AG-R0251,2026-07-15T00:00:00Z,0,-1.659738,2.733642,1
AG-R0252,2026-07-15T00:00:00Z,1,-1.171930,11.473630,1
AG-R0253,2026-07-15T00:00:00Z,1,-1.969198,11.317385,1
AG-R0254,2026-07-15T00:00:00Z,1,-1.584431,8.607293,1
AG-R0255,2026-07-15T00:00:00Z,0,0.237005,0.195152,1
AG-R0256,2026-07-15T00:00:00Z,0,-0.912507,0.421001,0
AG-R0257,2026-07-15T00:00:00Z,0,1.577895,0.000000,1
AG-R0258,2026-07-15T00:00:00Z,0,0.433117,0.648718,1
AG-R0259,2026-07-15T00:00:00Z,1,-1.464304,11.169525,1
AG-R0260,2026-07-15T00:00:00Z,1,1.370043,3.732542,1
AG-R0261,2026-07-15T00:00:00Z,1,0.699855,6.819451,0
AG-R0262,2026-07-15T00:00:00Z,1,-0.121775,9.295868,1
AG-R0263,2026-07-15T00:00:00Z,0,-0.143515,0.000000,1
AG-R0264,2026-07-15T00:00:00Z,1,-0.754405,7.794682,1
AG-R0265,2026-07-15T00:00:00Z,1,-1.376079,9.982251,1
AG-R0266,2026-07-15T00:00:00Z,0,-0.666451,1.049669,1
AG-R0267,2026-07-15T00:00:00Z,0,-0.031157,0.000000,1
AG-R0268,2026-07-15T00:00:00Z,1,0.483347,6.267383,1
AG-R0269,2026-07-15T00:00:00Z,1,1.286456,5.173394,1
AG-R0270,2026-07-15T00:00:00Z,1,-0.782366,9.536702,1
AG-R0271,2026-07-15T00:00:00Z,0,0.327676,0.893273,1
AG-R0272,2026-07-15T00:00:00Z,1,0.164918,8.916751,1
AG-R0273,2026-07-15T00:00:00Z,1,0.893362,6.817853,1
AG-R0274,2026-07-15T00:00:00Z,1,0.283542,7.604030,1
AG-R0275,2026-07-15T00:00:00Z,0,0.016823,0.818448,1
AG-R0276,2026-07-15T00:00:00Z,0,-0.755426,2.644733,1
AG-R0277,2026-07-15T00:00:00Z,1,-0.134309,9.006045,1
AG-R0278,2026-07-15T00:00:00Z,1,1.741410,5.834947,1
AG-R0279,2026-07-15T00:00:00Z,0,0.494080,0.000000,1
AG-R0280,2026-07-15T00:00:00Z,1,0.416129,8.174627,1
AG-R0281,2026-07-15T00:00:00Z,0,-0.408588,1.908865,1
AG-R0282,2026-07-15T00:00:00Z,0,0.984956,0.000000,1
AG-R0283,2026-07-15T00:00:00Z,1,-0.273771,8.264114,1
AG-R0284,2026-07-15T00:00:00Z,0,-0.742157,1.446723,1
AG-R0285,2026-07-15T00:00:00Z,1,-0.709723,8.431099,1
AG-R0286,2026-07-15T00:00:00Z,1,-0.037815,7.619891,0
AG-R0287,2026-07-15T00:00:00Z,0,1.780602,0.000000,0
AG-R0288,2026-07-15T00:00:00Z,1,-0.199666,8.243019,1
AG-R0289,2026-07-15T00:00:00Z,0,-0.392401,0.734173,1
AG-R0290,2026-07-15T00:00:00Z,1,-0.942393,10.882266,1
AG-R0291,2026-07-15T00:00:00Z,1,-0.314462,6.718561,1
AG-R0292,2026-07-15T00:00:00Z,1,0.313230,7.107861,1
AG-R0293,2026-07-15T00:00:00Z,1,-0.849554,9.446725,1
AG-R0294,2026-07-15T00:00:00Z,0,1.031403,0.000000,1
AG-R0295,2026-07-15T00:00:00Z,1,-0.816980,8.840910,1
AG-R0296,2026-07-15T00:00:00Z,0,1.331359,0.000000,0
AG-R0297,2026-07-15T00:00:00Z,1,0.756500,6.789552,1
AG-R0298,2026-07-15T00:00:00Z,1,-2.239578,10.330904,1
AG-R0299,2026-07-15T00:00:00Z,1,-0.583337,9.906847,0
AG-R0300,2026-07-15T00:00:00Z,0,-1.245515,3.187367,1
AG-R0301,2026-07-15T00:00:00Z,1,0.179502,8.257268,0
AG-R0302,2026-07-15T00:00:00Z,1,-0.933717,9.483629,1
AG-R0303,2026-07-15T00:00:00Z,1,-0.520465,9.763495,1
AG-R0304,2026-07-15T00:00:00Z,0,-1.004876,2.203084,1
AG-R0305,2026-07-15T00:00:00Z,0,-1.559561,4.094075,1
AG-R0306,2026-07-15T00:00:00Z,0,-0.116930,0.582918,1
AG-R0307,2026-07-15T00:00:00Z,0,1.472942,0.000000,1
AG-R0308,2026-07-15T00:00:00Z,0,-0.132686,1.054957,1
AG-R0309,2026-07-15T00:00:00Z,1,-0.227072,8.139690,0
AG-R0310,2026-07-15T00:00:00Z,1,-1.429669,11.126435,1
AG-R0311,2026-07-15T00:00:00Z,0,0.911555,0.000000,1
AG-R0312,2026-07-15T00:00:00Z,0,-0.143239,0.000000,1
AG-R0313,2026-07-15T00:00:00Z,0,-0.596504,2.235147,1
AG-R0314,2026-07-15T00:00:00Z,1,0.484588,9.251404,1
AG-R0315,2026-07-15T00:00:00Z,0,-1.259867,2.987679,1
AG-R0316,2026-07-15T00:00:00Z,1,1.074954,5.944183,0
AG-R0317,2026-07-15T00:00:00Z,0,1.441539,0.000000,1
AG-R0318,2026-07-15T00:00:00Z,0,-0.680345,1.071939,1
AG-R0319,2026-07-15T00:00:00Z,1,0.001138,9.244098,1
AG-R0320,2026-07-15T00:00:00Z,1,-0.018254,7.515329,1
AG-R0321,2026-07-15T00:00:00Z,0,-1.389819,2.601119,1
AG-R0322,2026-07-15T00:00:00Z,1,-0.771057,8.964817,1
AG-R0323,2026-07-15T00:00:00Z,1,0.078844,7.587915,1
AG-R0324,2026-07-15T00:00:00Z,0,0.418814,0.032315,1
AG-R0325,2026-07-15T00:00:00Z,1,-0.126858,8.037816,1
AG-R0326,2026-07-15T00:00:00Z,1,-1.247683,9.700338,1
AG-R0327,2026-07-15T00:00:00Z,0,-0.162482,0.090432,1
AG-R0328,2026-07-15T00:00:00Z,0,-0.668737,0.779836,1
AG-R0329,2026-07-15T00:00:00Z,1,1.697319,5.356984,1
AG-R0330,2026-07-15T00:00:00Z,1,0.051915,7.668701,0
AG-R0331,2026-07-15T00:00:00Z,0,-1.780748,2.803541,1
AG-R0332,2026-07-15T00:00:00Z,1,0.653726,6.882572,1
AG-R0333,2026-07-15T00:00:00Z,1,0.068375,6.948106,1
AG-R0334,2026-07-15T00:00:00Z,1,-0.465937,7.603349,1
AG-R0335,2026-07-15T00:00:00Z,1,1.717263,4.667416,1
AG-R0336,2026-07-15T00:00:00Z,0,-0.897195,2.573624,1
AG-R0337,2026-07-15T00:00:00Z,1,0.659324,6.770024,1
AG-R0338,2026-07-15T00:00:00Z,0,-0.201667,0.051092,1
AG-R0339,2026-07-15T00:00:00Z,0,0.301830,0.000000,1
AG-R0340,2026-07-15T00:00:00Z,0,-0.632115,0.587511,1
AG-R0341,2026-07-15T00:00:00Z,0,0.442983,0.000000,1
AG-R0342,2026-07-15T00:00:00Z,0,-0.503239,2.173649,1
AG-R0343,2026-07-15T00:00:00Z,1,1.423609,7.574287,1
AG-R0344,2026-07-15T00:00:00Z,0,-1.065028,1.250170,1
AG-R0345,2026-07-15T00:00:00Z,0,0.393607,0.000000,1
AG-R0346,2026-07-15T00:00:00Z,0,-2.338462,3.272182,1
AG-R0347,2026-07-15T00:00:00Z,0,1.894540,0.000000,1
AG-R0348,2026-07-15T00:00:00Z,1,-0.140558,8.882476,1
AG-R0349,2026-07-15T00:00:00Z,1,-0.032007,7.637111,1
AG-R0350,2026-07-15T00:00:00Z,0,-0.418076,0.555680,1
AG-R0351,2026-07-15T00:00:00Z,1,-0.260453,8.951381,1
AG-R0352,2026-07-15T00:00:00Z,1,0.108205,7.244977,1
AG-R0353,2026-07-15T00:00:00Z,0,1.097305,0.000000,1
AG-R0354,2026-07-15T00:00:00Z,0,-0.687506,0.565153,0
AG-R0355,2026-07-15T00:00:00Z,1,0.403990,7.125658,1
AG-R0356,2026-07-15T00:00:00Z,1,-1.135842,10.671850,1
AG-R0357,2026-07-15T00:00:00Z,1,-0.334014,7.217834,0
AG-R0358,2026-07-15T00:00:00Z,0,1.036874,0.000000,0
AG-R0359,2026-07-15T00:00:00Z,0,-0.860764,1.366908,1
AG-R0360,2026-07-15T00:00:00Z,0,2.036937,0.000000,1
AG-R0361,2026-07-15T00:00:00Z,0,1.286247,0.000000,1
AG-R0362,2026-07-15T00:00:00Z,0,-0.320922,0.495398,1
AG-R0363,2026-07-15T00:00:00Z,1,0.309793,6.857461,1
AG-R0364,2026-07-15T00:00:00Z,1,0.998119,6.267943,1
AG-R0365,2026-07-15T00:00:00Z,0,-0.216333,0.420440,1
AG-R0366,2026-07-15T00:00:00Z,0,-0.739845,2.132290,1
AG-R0367,2026-07-15T00:00:00Z,1,0.461258,7.007159,1
AG-R0368,2026-07-15T00:00:00Z,1,1.055725,6.738496,1
AG-R0369,2026-07-15T00:00:00Z,1,0.329555,7.243530,1
AG-R0370,2026-07-15T00:00:00Z,1,-0.883233,10.552334,1
AG-R0371,2026-07-15T00:00:00Z,0,-1.599433,2.065906,1
AG-R0372,2026-07-15T00:00:00Z,1,-0.693853,9.032224,1
AG-R0373,2026-07-15T00:00:00Z,0,-1.521164,3.110744,1
AG-R0374,2026-07-15T00:00:00Z,1,-2.499277,11.179955,1
AG-R0375,2026-07-15T00:00:00Z,1,0.915488,6.647178,1
AG-R0376,2026-07-15T00:00:00Z,0,-2.454063,5.821160,1
AG-R0377,2026-07-15T00:00:00Z,0,-1.424111,2.037725,1
AG-R0378,2026-07-15T00:00:00Z,0,0.284639,0.000000,1
AG-R0379,2026-07-15T00:00:00Z,0,0.380897,0.000000,1
AG-R0380,2026-07-15T00:00:00Z,0,0.368747,0.000000,1
AG-R0381,2026-07-15T00:00:00Z,0,-0.142306,1.392661,1
AG-R0382,2026-07-15T00:00:00Z,0,-1.187393,3.521777,1
AG-R0383,2026-07-15T00:00:00Z,0,1.406791,0.000000,1
AG-R0384,2026-07-15T00:00:00Z,0,-0.557485,0.135609,1
AG-R0385,2026-07-15T00:00:00Z,1,-1.256815,8.547977,1
AG-R0386,2026-07-15T00:00:00Z,1,-1.545029,11.828167,0
AG-R0387,2026-07-15T00:00:00Z,0,0.698455,0.000000,1
AG-R0388,2026-07-15T00:00:00Z,1,-0.830705,10.040752,1
AG-R0389,2026-07-15T00:00:00Z,0,0.095162,0.000000,1
AG-R0390,2026-07-15T00:00:00Z,1,-1.605817,9.877387,1
AG-R0391,2026-07-15T00:00:00Z,0,0.150685,0.000000,1
AG-R0392,2026-07-15T00:00:00Z,1,0.754524,7.397828,1
AG-R0393,2026-07-15T00:00:00Z,1,-0.658145,8.468193,0
AG-R0394,2026-07-15T00:00:00Z,1,0.319689,7.109007,1
AG-R0395,2026-07-15T00:00:00Z,0,-0.903585,2.480449,1
AG-R0396,2026-07-15T00:00:00Z,0,0.177299,0.000000,1
AG-R0397,2026-07-15T00:00:00Z,0,-0.142260,0.000000,1
AG-R0398,2026-07-15T00:00:00Z,1,-0.763217,9.955952,0
AG-R0399,2026-07-15T00:00:00Z,1,-0.701654,9.761845,1
AG-R0400,2026-07-15T00:00:00Z,0,0.102334,0.752022,1
AG-R0401,2026-07-15T00:00:00Z,1,1.554186,6.158404,0
AG-R0402,2026-07-15T00:00:00Z,0,1.183392,0.000000,1
AG-R0403,2026-07-15T00:00:00Z,1,0.082610,6.740207,1
AG-R0404,2026-07-15T00:00:00Z,0,0.334511,0.000000,1
AG-R0405,2026-07-15T00:00:00Z,0,0.765326,0.000000,1
AG-R0406,2026-07-15T00:00:00Z,1,-0.353873,6.344623,1
AG-R0407,2026-07-15T00:00:00Z,0,-1.000260,2.449832,1
AG-R0408,2026-07-15T00:00:00Z,0,-0.438610,1.165757,1
AG-R0409,2026-07-15T00:00:00Z,1,-0.823696,10.767594,1
AG-R0410,2026-07-15T00:00:00Z,0,-0.374304,2.144116,1
AG-R0411,2026-07-15T00:00:00Z,1,-1.547111,10.263675,1
AG-R0412,2026-07-15T00:00:00Z,0,-1.424952,2.521770,1
AG-R0413,2026-07-15T00:00:00Z,1,0.081999,7.781017,0
AG-R0414,2026-07-15T00:00:00Z,0,1.538247,0.000000,1
AG-R0415,2026-07-15T00:00:00Z,1,-0.038711,8.784793,1
AG-R0416,2026-07-15T00:00:00Z,0,-1.511598,3.722386,1
AG-R0417,2026-07-15T00:00:00Z,1,-1.395431,9.534973,1
AG-R0418,2026-07-15T00:00:00Z,1,2.327760,4.036428,1
AG-R0419,2026-07-15T00:00:00Z,0,0.338498,0.000000,1
AG-R0420,2026-07-15T00:00:00Z,1,0.085488,7.613870,1
AG-R0421,2026-07-15T00:00:00Z,1,0.636093,8.358666,1
AG-R0422,2026-07-15T00:00:00Z,1,-0.777370,10.123842,1
AG-R0423,2026-07-15T00:00:00Z,1,-0.979970,10.270140,1
AG-R0424,2026-07-15T00:00:00Z,1,1.060034,4.751851,1
AG-R0425,2026-07-15T00:00:00Z,0,-0.175366,0.308161,1
AG-R0426,2026-07-15T00:00:00Z,0,1.038561,0.000000,1
AG-R0427,2026-07-15T00:00:00Z,0,-1.709777,3.043884,1
AG-R0428,2026-07-15T00:00:00Z,0,1.182139,0.000000,1
AG-R0429,2026-07-15T00:00:00Z,1,-0.612626,9.324946,1
AG-R0430,2026-07-15T00:00:00Z,1,0.359772,6.175916,1
AG-R0431,2026-07-15T00:00:00Z,1,0.481188,7.125177,1
AG-R0432,2026-07-15T00:00:00Z,1,-0.970653,11.204150,1
AG-R0433,2026-07-15T00:00:00Z,1,-0.619836,8.092396,1
AG-R0434,2026-07-15T00:00:00Z,0,0.716455,0.000000,1
AG-R0435,2026-07-15T00:00:00Z,1,-1.057375,9.982450,1
AG-R0436,2026-07-15T00:00:00Z,1,1.289953,4.112381,0
AG-R0437,2026-07-15T00:00:00Z,0,-1.063907,3.394999,1
AG-R0438,2026-07-15T00:00:00Z,0,0.425787,0.000000,1
AG-R0439,2026-07-15T00:00:00Z,0,0.756143,0.000000,1
AG-R0440,2026-07-15T00:00:00Z,0,0.853354,0.000000,1
AG-R0441,2026-07-15T00:00:00Z,0,-0.933762,1.998543,1
AG-R0442,2026-07-15T00:00:00Z,1,0.295123,7.144410,0
AG-R0443,2026-07-15T00:00:00Z,0,1.071132,0.000000,1
AG-R0444,2026-07-15T00:00:00Z,0,0.236747,0.000000,1
AG-R0445,2026-07-15T00:00:00Z,0,0.814128,0.000000,0
AG-R0446,2026-07-15T00:00:00Z,0,-0.610403,2.163190,1
AG-R0447,2026-07-15T00:00:00Z,1,-0.396137,7.911759,1
AG-R0448,2026-07-15T00:00:00Z,0,-0.760014,0.509393,1
AG-R0449,2026-07-15T00:00:00Z,1,-0.160262,8.464673,1
AG-R0450,2026-07-15T00:00:00Z,0,0.579877,0.000000,1
AG-R0451,2026-07-15T00:00:00Z,1,0.603539,7.268008,1
AG-R0452,2026-07-15T00:00:00Z,1,0.880406,7.919897,1
AG-R0453,2026-07-15T00:00:00Z,0,0.592966,0.000000,1
AG-R0454,2026-07-15T00:00:00Z,0,-0.588556,0.000000,1
AG-R0455,2026-07-15T00:00:00Z,1,0.208404,7.674169,1
AG-R0456,2026-07-15T00:00:00Z,1,1.229899,5.633942,1
AG-R0457,2026-07-15T00:00:00Z,1,-1.094259,12.162861,1
AG-R0458,2026-07-15T00:00:00Z,0,-0.263958,2.349893,1
AG-R0459,2026-07-15T00:00:00Z,0,0.381341,0.000000,1
AG-R0460,2026-07-15T00:00:00Z,1,0.639711,7.436183,1
AG-R0461,2026-07-15T00:00:00Z,1,0.664816,8.890159,1
AG-R0462,2026-07-15T00:00:00Z,1,-0.233803,7.925937,1
AG-R0463,2026-07-15T00:00:00Z,0,0.045146,1.244879,1
AG-R0464,2026-07-15T00:00:00Z,0,0.165424,0.000000,1
AG-R0465,2026-07-15T00:00:00Z,1,0.406883,6.945757,1
AG-R0466,2026-07-15T00:00:00Z,1,0.464975,6.871084,1
AG-R0467,2026-07-15T00:00:00Z,0,1.139384,0.000000,1
AG-R0468,2026-07-15T00:00:00Z,1,0.815562,5.723776,1
AG-R0469,2026-07-15T00:00:00Z,1,-0.952477,9.226982,1
AG-R0470,2026-07-15T00:00:00Z,1,0.101535,7.600466,1
AG-R0471,2026-07-15T00:00:00Z,1,2.366907,3.059612,1
AG-R0472,2026-07-15T00:00:00Z,1,-0.991965,8.530965,0
AG-R0473,2026-07-15T00:00:00Z,1,-0.513809,6.324779,1
AG-R0474,2026-07-15T00:00:00Z,0,-1.633083,0.707299,1
AG-R0475,2026-07-15T00:00:00Z,0,-0.544527,0.000000,0
AG-R0476,2026-07-15T00:00:00Z,0,0.142826,0.000000,1
AG-R0477,2026-07-15T00:00:00Z,1,-1.115660,8.946395,1
AG-R0478,2026-07-15T00:00:00Z,1,-1.784228,11.077381,1
AG-R0479,2026-07-15T00:00:00Z,0,-0.282228,0.347806,1
AG-R0480,2026-07-15T00:00:00Z,0,0.541649,0.000000,1
AG-R0481,2026-07-15T00:00:00Z,0,0.748930,0.535913,1
AG-R0482,2026-07-15T00:00:00Z,1,0.314318,7.250256,1
AG-R0483,2026-07-15T00:00:00Z,0,-0.321874,0.563945,1
AG-R0484,2026-07-15T00:00:00Z,1,-1.320073,9.767203,1
AG-R0485,2026-07-15T00:00:00Z,1,0.948066,7.214904,1
AG-R0486,2026-07-15T00:00:00Z,0,1.364713,0.000000,0
AG-R0487,2026-07-15T00:00:00Z,1,-0.200080,6.915778,1
AG-R0488,2026-07-15T00:00:00Z,1,1.707903,3.462306,1
AG-R0489,2026-07-15T00:00:00Z,0,1.102814,0.000000,1
AG-R0490,2026-07-15T00:00:00Z,0,-0.976372,1.933698,1
AG-R0491,2026-07-15T00:00:00Z,1,0.711505,6.925949,1
AG-R0492,2026-07-15T00:00:00Z,0,-0.398877,0.000000,1
AG-R0493,2026-07-15T00:00:00Z,1,-1.781206,12.826865,1
AG-R0494,2026-07-15T00:00:00Z,0,0.509969,0.000000,1
AG-R0495,2026-07-15T00:00:00Z,1,0.140065,7.550163,1
AG-R0496,2026-07-15T00:00:00Z,0,1.144236,0.000000,1
AG-R0497,2026-07-15T00:00:00Z,1,0.354943,6.573980,1
AG-R0498,2026-07-15T00:00:00Z,1,-0.911338,10.469481,1
AG-R0499,2026-07-15T00:00:00Z,1,-1.759605,12.226283,1
AG-R0500,2026-07-15T00:00:00Z,1,0.829501,7.099733,1
AG-R0501,2026-07-15T00:00:00Z,1,-0.001972,9.304243,1
AG-R0502,2026-07-15T00:00:00Z,1,-0.015396,4.931591,0
AG-R0503,2026-07-15T00:00:00Z,0,0.773008,0.000000,1
AG-R0504,2026-07-15T00:00:00Z,0,-0.139491,1.349585,1
AG-R0505,2026-07-15T00:00:00Z,0,-0.202606,0.000000,1
AG-R0506,2026-07-15T00:00:00Z,1,2.117021,3.602995,1
AG-R0507,2026-07-15T00:00:00Z,0,1.181159,0.000000,1
AG-R0508,2026-07-15T00:00:00Z,0,1.588284,0.000000,1
AG-R0509,2026-07-15T00:00:00Z,0,0.166467,0.000000,1
AG-R0510,2026-07-15T00:00:00Z,0,1.133555,0.000000,1
AG-R0511,2026-07-15T00:00:00Z,1,-1.282352,10.050430,1
AG-R0512,2026-07-15T00:00:00Z,1,-0.760789,8.987745,1
AG-R0513,2026-07-15T00:00:00Z,0,1.556006,0.000000,1
AG-R0514,2026-07-15T00:00:00Z,0,-0.915502,2.723974,1
AG-R0515,2026-07-15T00:00:00Z,0,-0.056206,0.000000,1
AG-R0516,2026-07-15T00:00:00Z,1,-0.855485,10.059941,1
AG-R0517,2026-07-15T00:00:00Z,1,-0.567955,9.046655,1
AG-R0518,2026-07-15T00:00:00Z,1,-0.502599,9.192927,1
AG-R0519,2026-07-15T00:00:00Z,1,1.228286,5.751695,1
AG-R0520,2026-07-15T00:00:00Z,0,-0.807095,0.964736,1
AG-R0521,2026-07-15T00:00:00Z,0,0.075176,0.268694,1
AG-R0522,2026-07-15T00:00:00Z,1,-0.648133,9.973373,1
AG-R0523,2026-07-15T00:00:00Z,0,0.136765,0.000000,1
AG-R0524,2026-07-15T00:00:00Z,0,-1.690125,2.414727,0
AG-R0525,2026-07-15T00:00:00Z,0,1.290676,0.000000,1
AG-R0526,2026-07-15T00:00:00Z,1,0.467768,7.838789,1
AG-R0527,2026-07-15T00:00:00Z,1,-0.295421,9.572620,1
AG-R0528,2026-07-15T00:00:00Z,0,-0.030565,0.000000,1
AG-R0529,2026-07-15T00:00:00Z,0,-0.831824,0.536573,1
AG-R0530,2026-07-15T00:00:00Z,0,0.665512,0.000000,1
AG-R0531,2026-07-15T00:00:00Z,1,1.331338,4.755645,1
AG-R0532,2026-07-15T00:00:00Z,1,-0.194390,9.825139,1
AG-R0533,2026-07-15T00:00:00Z,0,1.820214,0.000000,1
AG-R0534,2026-07-15T00:00:00Z,0,0.574051,0.000000,1
AG-R0535,2026-07-15T00:00:00Z,0,0.103463,0.000000,1
AG-R0536,2026-07-15T00:00:00Z,1,-1.082235,10.088260,1
AG-R0537,2026-07-15T00:00:00Z,0,-0.691510,2.384017,1
AG-R0538,2026-07-15T00:00:00Z,0,1.979723,0.000000,1
AG-R0539,2026-07-15T00:00:00Z,1,-0.470119,9.330047,1
AG-R0540,2026-07-15T00:00:00Z,0,0.790423,0.000000,1
AG-R0541,2026-07-15T00:00:00Z,1,-0.135257,8.395665,1
AG-R0542,2026-07-15T00:00:00Z,0,0.316892,0.121757,1
AG-R0543,2026-07-15T00:00:00Z,1,-0.296469,7.658368,0
AG-R0544,2026-07-15T00:00:00Z,0,-0.972240,2.240759,1
AG-R0545,2026-07-15T00:00:00Z,1,0.505142,8.032102,1
AG-R0546,2026-07-15T00:00:00Z,1,2.301377,2.672755,1
AG-R0547,2026-07-15T00:00:00Z,1,0.711578,7.855437,0
AG-R0548,2026-07-15T00:00:00Z,0,0.423822,0.000000,1
AG-R0549,2026-07-15T00:00:00Z,1,1.037569,5.958413,1
AG-R0550,2026-07-15T00:00:00Z,1,-1.124008,11.295131,1
AG-R0551,2026-07-15T00:00:00Z,1,-2.101930,12.373778,1
AG-R0552,2026-07-15T00:00:00Z,1,0.719865,8.031577,1
AG-R0553,2026-07-15T00:00:00Z,0,0.998233,0.000000,1
AG-R0554,2026-07-15T00:00:00Z,0,0.305442,0.000000,0
AG-R0555,2026-07-15T00:00:00Z,0,-0.061121,0.000000,1
AG-R0556,2026-07-15T00:00:00Z,1,-0.860074,10.881326,1
AG-R0557,2026-07-15T00:00:00Z,1,-0.394946,7.950409,1
AG-R0558,2026-07-15T00:00:00Z,1,-1.886924,10.369361,1
AG-R0559,2026-07-15T00:00:00Z,1,-0.097268,7.668786,1
AG-R0560,2026-07-15T00:00:00Z,1,1.623065,5.790769,1
AG-R0561,2026-07-15T00:00:00Z,0,-0.781904,0.000000,0
AG-R0562,2026-07-15T00:00:00Z,0,-1.282209,1.868956,1
AG-R0563,2026-07-15T00:00:00Z,1,1.210895,7.700805,0
AG-R0564,2026-07-15T00:00:00Z,0,-1.586138,4.420345,1
AG-R0565,2026-07-15T00:00:00Z,1,-0.887535,8.485854,1
AG-R0566,2026-07-15T00:00:00Z,1,-1.414287,9.662982,1
AG-R0567,2026-07-15T00:00:00Z,0,-1.105596,1.389461,1
AG-R0568,2026-07-15T00:00:00Z,0,-0.396082,0.674123,1
AG-R0569,2026-07-15T00:00:00Z,0,-0.305934,0.475046,1
AG-R0570,2026-07-15T00:00:00Z,1,0.284382,9.416119,1
AG-R0571,2026-07-15T00:00:00Z,0,1.726452,0.000000,1
AG-R0572,2026-07-15T00:00:00Z,0,1.853163,0.000000,1
AG-R0573,2026-07-15T00:00:00Z,0,-0.623478,1.601670,1
AG-R0574,2026-07-15T00:00:00Z,0,-0.690445,0.680844,1
AG-R0575,2026-07-15T00:00:00Z,0,-0.831968,2.024776,0
AG-R0576,2026-07-15T00:00:00Z,1,-0.626903,9.240673,1
AG-R0577,2026-07-15T00:00:00Z,0,0.038179,0.518918,1
AG-R0578,2026-07-15T00:00:00Z,1,2.022697,2.781391,1
AG-R0579,2026-07-15T00:00:00Z,0,0.366640,0.990937,1
AG-R0580,2026-07-15T00:00:00Z,1,0.591044,6.294570,1
AG-R0581,2026-07-15T00:00:00Z,0,-1.374916,2.543348,1
AG-R0582,2026-07-15T00:00:00Z,0,-0.469988,0.825470,1
AG-R0583,2026-07-15T00:00:00Z,0,-2.242911,4.952009,1
AG-R0584,2026-07-15T00:00:00Z,0,1.095983,0.000000,1
AG-R0585,2026-07-15T00:00:00Z,1,0.075808,7.789999,1
AG-R0586,2026-07-15T00:00:00Z,1,-0.331384,8.392080,1
AG-R0587,2026-07-15T00:00:00Z,0,0.680714,0.000000,1
AG-R0588,2026-07-15T00:00:00Z,1,-0.404204,8.632561,1
AG-R0589,2026-07-15T00:00:00Z,1,-0.344409,8.637264,1
AG-R0590,2026-07-15T00:00:00Z,0,-0.009061,0.000000,1
AG-R0591,2026-07-15T00:00:00Z,0,1.143973,0.000000,1
AG-R0592,2026-07-15T00:00:00Z,0,1.532561,0.000000,1
AG-R0593,2026-07-15T00:00:00Z,0,0.043233,0.000000,1
AG-R0594,2026-07-15T00:00:00Z,1,0.929519,5.182944,1
AG-R0595,2026-07-15T00:00:00Z,0,-0.692017,1.346187,1
AG-R0596,2026-07-15T00:00:00Z,1,-0.881757,9.476390,1
AG-R0597,2026-07-15T00:00:00Z,1,0.340636,8.143877,0
AG-R0598,2026-07-15T00:00:00Z,0,0.495889,0.000000,1
AG-R0599,2026-07-15T00:00:00Z,0,-0.798262,2.097217,1
AG-R0600,2026-07-15T00:00:00Z,1,0.527921,6.603147,0
AG-R0601,2026-07-15T00:00:00Z,1,-0.666679,8.983395,1
AG-R0602,2026-07-15T00:00:00Z,1,0.064228,8.153389,1
AG-R0603,2026-07-15T00:00:00Z,1,0.119307,9.046201,1
AG-R0604,2026-07-15T00:00:00Z,0,-0.710242,2.356070,1
AG-R0605,2026-07-15T00:00:00Z,1,0.094475,7.425716,1
AG-R0606,2026-07-15T00:00:00Z,0,0.182838,0.081870,1
AG-R0607,2026-07-15T00:00:00Z,0,0.696898,0.000000,1
AG-R0608,2026-07-15T00:00:00Z,0,0.605040,0.000000,1
AG-R0609,2026-07-15T00:00:00Z,1,-1.578425,11.000275,1
AG-R0610,2026-07-15T00:00:00Z,1,-1.279894,9.878612,1
AG-R0611,2026-07-15T00:00:00Z,1,-0.612770,8.134374,1
AG-R0612,2026-07-15T00:00:00Z,0,1.586627,0.000000,1
AG-R0613,2026-07-15T00:00:00Z,0,-1.674832,2.782995,1
AG-R0614,2026-07-15T00:00:00Z,1,-0.242186,7.825838,1
AG-R0615,2026-07-15T00:00:00Z,0,0.090514,0.000000,1
AG-R0616,2026-07-15T00:00:00Z,1,-0.075007,8.688569,1
AG-R0617,2026-07-15T00:00:00Z,0,-0.381311,0.944833,1
AG-R0618,2026-07-15T00:00:00Z,1,0.375289,6.335070,0
AG-R0619,2026-07-15T00:00:00Z,1,-1.082541,10.528534,1
AG-R0620,2026-07-15T00:00:00Z,1,-0.214349,7.467070,0
AG-R0621,2026-07-15T00:00:00Z,0,0.363637,0.000000,1
AG-R0622,2026-07-15T00:00:00Z,1,0.721066,7.615725,1
AG-R0623,2026-07-15T00:00:00Z,0,-0.462309,0.853859,1
AG-R0624,2026-07-15T00:00:00Z,0,1.538002,0.000000,1
AG-R0625,2026-07-15T00:00:00Z,1,0.860047,5.886301,1
AG-R0626,2026-07-15T00:00:00Z,1,0.079011,8.056781,1
AG-R0627,2026-07-15T00:00:00Z,0,0.621862,0.000000,0
AG-R0628,2026-07-15T00:00:00Z,0,-0.328700,1.888415,1
AG-R0629,2026-07-15T00:00:00Z,0,-0.705501,0.671355,1
AG-R0630,2026-07-15T00:00:00Z,1,-1.109477,9.480573,1
AG-R0631,2026-07-15T00:00:00Z,1,-1.663954,10.256311,0
AG-R0632,2026-07-15T00:00:00Z,1,-0.670618,9.502299,1
AG-R0633,2026-07-15T00:00:00Z,1,1.669283,5.531946,1
AG-R0634,2026-07-15T00:00:00Z,0,-0.761690,0.551212,1
AG-R0635,2026-07-15T00:00:00Z,0,-2.084995,3.324705,1
AG-R0636,2026-07-15T00:00:00Z,0,1.352017,0.000000,1
AG-R0637,2026-07-15T00:00:00Z,1,0.245097,8.167201,1
AG-R0638,2026-07-15T00:00:00Z,1,0.723161,5.687043,1
AG-R0639,2026-07-15T00:00:00Z,0,1.357406,0.000000,1
AG-R0640,2026-07-15T00:00:00Z,1,2.310025,4.264072,1
AG-R0641,2026-07-15T00:00:00Z,1,1.239136,4.702139,1
AG-R0642,2026-07-15T00:00:00Z,1,0.479400,7.606486,1
AG-R0643,2026-07-15T00:00:00Z,0,-0.636533,1.880214,1
AG-R0644,2026-07-15T00:00:00Z,0,0.995118,0.000000,1
AG-R0645,2026-07-15T00:00:00Z,0,0.447030,0.000000,1
AG-R0646,2026-07-15T00:00:00Z,1,0.998961,7.664896,1
AG-R0647,2026-07-15T00:00:00Z,1,-1.074611,9.740593,0
AG-R0648,2026-07-15T00:00:00Z,0,0.916643,0.000000,1
AG-R0649,2026-07-15T00:00:00Z,0,0.336442,0.000000,1
AG-R0650,2026-07-15T00:00:00Z,0,0.326216,0.000000,1
AG-R0651,2026-07-15T00:00:00Z,1,1.487884,5.381940,1
AG-R0652,2026-07-15T00:00:00Z,1,0.519995,7.201145,0
AG-R0653,2026-07-15T00:00:00Z,0,-0.204887,0.075937,1
AG-R0654,2026-07-15T00:00:00Z,0,-0.393843,1.361613,0
AG-R0655,2026-07-15T00:00:00Z,0,-0.767500,3.138124,1
AG-R0656,2026-07-15T00:00:00Z,1,0.824539,8.053128,1
AG-R0657,2026-07-15T00:00:00Z,1,-0.795452,7.816823,1
AG-R0658,2026-07-15T00:00:00Z,0,0.973839,0.000000,1
AG-R0659,2026-07-15T00:00:00Z,1,0.991432,5.498448,0
AG-R0660,2026-07-15T00:00:00Z,1,-0.697462,10.052999,1
AG-R0661,2026-07-15T00:00:00Z,0,1.769017,0.000000,1
AG-R0662,2026-07-15T00:00:00Z,0,-0.010553,0.962620,1
AG-R0663,2026-07-15T00:00:00Z,0,-2.556997,4.859777,1
AG-R0664,2026-07-15T00:00:00Z,0,0.443807,0.000000,1
AG-R0665,2026-07-15T00:00:00Z,1,0.082303,6.968143,1
AG-R0666,2026-07-15T00:00:00Z,1,0.733651,6.157003,1
AG-R0667,2026-07-15T00:00:00Z,0,3.647206,0.000000,1
AG-R0668,2026-07-15T00:00:00Z,1,1.412354,5.210796,1
AG-R0669,2026-07-15T00:00:00Z,1,0.935223,5.766386,1
AG-R0670,2026-07-15T00:00:00Z,0,1.774013,0.000000,0
AG-R0671,2026-07-15T00:00:00Z,0,-1.374708,2.403708,1
AG-R0672,2026-07-15T00:00:00Z,0,-0.382794,1.528514,1
AG-R0673,2026-07-15T00:00:00Z,1,0.887337,6.825428,1
AG-R0674,2026-07-15T00:00:00Z,0,-0.788077,1.976410,1
AG-R0675,2026-07-15T00:00:00Z,0,-0.684693,1.275185,1
AG-R0676,2026-07-15T00:00:00Z,1,-0.036549,8.807349,1
AG-R0677,2026-07-15T00:00:00Z,1,-2.900784,13.224254,1
AG-R0678,2026-07-15T00:00:00Z,0,-0.577676,1.012164,1
AG-R0679,2026-07-15T00:00:00Z,0,-1.386706,4.323271,1
AG-R0680,2026-07-15T00:00:00Z,1,1.343670,6.999074,1
AG-R0681,2026-07-15T00:00:00Z,1,-0.723678,9.225216,1
AG-R0682,2026-07-15T00:00:00Z,0,0.792943,0.172991,1
AG-R0683,2026-07-15T00:00:00Z,1,1.550316,6.409947,1
AG-R0684,2026-07-15T00:00:00Z,0,0.431082,0.294549,1
AG-R0685,2026-07-15T00:00:00Z,1,0.029302,6.816413,1
AG-R0686,2026-07-15T00:00:00Z,0,1.903193,0.000000,1
AG-R0687,2026-07-15T00:00:00Z,1,1.934032,5.131045,0
AG-R0688,2026-07-15T00:00:00Z,1,0.432305,7.236084,1
AG-R0689,2026-07-15T00:00:00Z,0,1.015671,0.000000,1
AG-R0690,2026-07-15T00:00:00Z,0,-0.006687,0.000000,1
AG-R0691,2026-07-15T00:00:00Z,1,-2.405193,11.342184,1
AG-R0692,2026-07-15T00:00:00Z,0,0.307066,0.000000,1
AG-R0693,2026-07-15T00:00:00Z,1,0.312387,8.440056,1
AG-R0694,2026-07-15T00:00:00Z,0,-0.527156,1.417173,1
AG-R0695,2026-07-15T00:00:00Z,0,-1.059455,2.388157,1
AG-R0696,2026-07-15T00:00:00Z,1,0.548073,6.344991,1
AG-R0697,2026-07-15T00:00:00Z,1,-1.113818,9.948202,1
AG-R0698,2026-07-15T00:00:00Z,1,-1.479737,10.843696,1
AG-R0699,2026-07-15T00:00:00Z,1,0.718705,8.067499,1
AG-R0700,2026-07-15T00:00:00Z,1,-0.561355,9.095812,1
AG-R0701,2026-07-15T00:00:00Z,1,-1.175764,10.576914,1
AG-R0702,2026-07-15T00:00:00Z,0,-1.827165,3.788474,1
AG-R0703,2026-07-15T00:00:00Z,0,-0.313418,0.545931,1
AG-R0704,2026-07-15T00:00:00Z,1,-0.314470,8.438804,1
AG-R0705,2026-07-15T00:00:00Z,1,0.592148,7.739661,1
AG-R0706,2026-07-15T00:00:00Z,0,-0.167660,0.000000,1
AG-R0707,2026-07-15T00:00:00Z,1,-0.180825,9.294049,0
AG-R0708,2026-07-15T00:00:00Z,1,-2.166192,12.563266,0
AG-R0709,2026-07-15T00:00:00Z,1,-0.925380,9.215992,1
AG-R0710,2026-07-15T00:00:00Z,1,-1.445790,11.451358,1
AG-R0711,2026-07-15T00:00:00Z,0,1.989649,0.000000,1
AG-R0712,2026-07-15T00:00:00Z,1,-0.474929,9.951950,1
AG-R0713,2026-07-15T00:00:00Z,0,0.133125,0.083239,1
AG-R0714,2026-07-15T00:00:00Z,1,0.366128,8.035508,1
AG-R0715,2026-07-15T00:00:00Z,1,1.650505,5.104442,1
AG-R0716,2026-07-15T00:00:00Z,1,-0.366063,9.164091,1
AG-R0717,2026-07-15T00:00:00Z,1,-1.424276,10.592166,1
AG-R0718,2026-07-15T00:00:00Z,1,-0.976774,8.918834,1
AG-R0719,2026-07-15T00:00:00Z,1,-0.931652,8.867390,1
AG-R0720,2026-07-15T00:00:00Z,1,0.819387,7.242142,1
AG-R0721,2026-07-15T00:00:00Z,1,-0.995826,9.380364,1
AG-R0722,2026-07-15T00:00:00Z,0,-0.020897,0.042151,0
AG-R0723,2026-07-15T00:00:00Z,1,-0.726975,7.948294,1
AG-R0724,2026-07-15T00:00:00Z,1,0.079276,8.159691,1
AG-R0725,2026-07-15T00:00:00Z,0,0.802295,0.000000,1
AG-R0726,2026-07-15T00:00:00Z,1,-0.242609,7.207098,0
AG-R0727,2026-07-15T00:00:00Z,1,0.013888,9.487178,0
AG-R0728,2026-07-15T00:00:00Z,0,1.009160,0.000000,1
AG-R0729,2026-07-15T00:00:00Z,0,1.028269,0.000000,1
AG-R0730,2026-07-15T00:00:00Z,0,-1.260338,3.221870,1
AG-R0731,2026-07-15T00:00:00Z,0,0.932893,0.000000,0
AG-R0732,2026-07-15T00:00:00Z,1,0.898981,5.569149,1
AG-R0733,2026-07-15T00:00:00Z,0,0.200367,0.286079,0
AG-R0734,2026-07-15T00:00:00Z,1,0.941878,7.091353,1
AG-R0735,2026-07-15T00:00:00Z,0,-0.227915,0.000000,1
AG-R0736,2026-07-15T00:00:00Z,0,0.407681,0.000000,1
AG-R0737,2026-07-15T00:00:00Z,0,0.298852,0.000000,1
AG-R0738,2026-07-15T00:00:00Z,1,0.512317,6.207047,1
AG-R0739,2026-07-15T00:00:00Z,1,1.155156,6.987239,1
AG-R0740,2026-07-15T00:00:00Z,1,-0.758872,8.259299,1
AG-R0741,2026-07-15T00:00:00Z,0,0.420141,0.011977,1
AG-R0742,2026-07-15T00:00:00Z,1,0.162237,6.536925,0
AG-R0743,2026-07-15T00:00:00Z,1,0.550955,6.010897,1
AG-R0744,2026-07-15T00:00:00Z,1,-0.081574,7.025661,0
AG-R0745,2026-07-15T00:00:00Z,1,1.407691,5.883379,1
AG-R0746,2026-07-15T00:00:00Z,0,0.508930,0.000000,1
AG-R0747,2026-07-15T00:00:00Z,1,-1.040119,9.285276,1
AG-R0748,2026-07-15T00:00:00Z,1,0.614035,8.286403,1
AG-R0749,2026-07-15T00:00:00Z,0,0.202064,0.513518,1
AG-R0750,2026-07-15T00:00:00Z,0,0.437030,0.000000,1
AG-R0751,2026-07-15T00:00:00Z,0,1.155213,0.000000,1
AG-R0752,2026-07-15T00:00:00Z,0,-1.165256,2.565950,1
AG-R0753,2026-07-15T00:00:00Z,0,-0.385710,0.000000,1
AG-R0754,2026-07-15T00:00:00Z,0,-1.345980,1.928795,1
AG-R0755,2026-07-15T00:00:00Z,1,0.827468,5.385338,1
AG-R0756,2026-07-15T00:00:00Z,1,-0.591824,8.981679,1
AG-R0757,2026-07-15T00:00:00Z,0,1.064755,0.000000,1
AG-R0758,2026-07-15T00:00:00Z,1,0.027893,7.132915,1
AG-R0759,2026-07-15T00:00:00Z,1,-0.445460,8.586771,1
AG-R0760,2026-07-15T00:00:00Z,0,-0.139825,0.000000,1
AG-R0761,2026-07-15T00:00:00Z,1,-0.316346,7.530549,1
AG-R0762,2026-07-15T00:00:00Z,0,-0.612876,1.516634,1
AG-R0763,2026-07-15T00:00:00Z,0,-0.646209,3.236016,1
AG-R0764,2026-07-15T00:00:00Z,1,0.204492,6.450096,1
AG-R0765,2026-07-15T00:00:00Z,1,-1.260297,9.753702,1
AG-R0766,2026-07-15T00:00:00Z,1,-1.362615,11.252953,1
AG-R0767,2026-07-15T00:00:00Z,0,1.541733,0.000000,1
AG-R0768,2026-07-15T00:00:00Z,1,-0.371010,10.046324,1
AG-R0769,2026-07-15T00:00:00Z,0,-0.362819,0.569845,1
AG-R0770,2026-07-15T00:00:00Z,1,0.319062,6.911390,1
AG-R0771,2026-07-15T00:00:00Z,0,0.237960,0.087353,1
AG-R0772,2026-07-15T00:00:00Z,1,-0.412243,9.917810,1
AG-R0773,2026-07-15T00:00:00Z,0,0.535763,0.481969,1
AG-R0774,2026-07-15T00:00:00Z,0,0.795194,0.000000,1
AG-R0775,2026-07-15T00:00:00Z,1,-1.675354,11.609558,1
AG-R0776,2026-07-15T00:00:00Z,0,0.349582,0.111208,1
AG-R0777,2026-07-15T00:00:00Z,0,-0.165970,0.833065,1
AG-R0778,2026-07-15T00:00:00Z,1,-1.104683,9.556041,1
AG-R0779,2026-07-15T00:00:00Z,1,0.351688,7.283489,0
AG-R0780,2026-07-15T00:00:00Z,0,1.293728,0.000000,1
AG-R0781,2026-07-15T00:00:00Z,0,-0.576518,3.068198,1
AG-R0782,2026-07-15T00:00:00Z,0,0.704862,0.000000,1
AG-R0783,2026-07-15T00:00:00Z,1,-2.226042,11.141853,1
AG-R0784,2026-07-15T00:00:00Z,0,-0.103797,0.000000,1
AG-R0785,2026-07-15T00:00:00Z,1,-0.093376,8.927146,1
AG-R0786,2026-07-15T00:00:00Z,1,-0.345950,8.540891,1
AG-R0787,2026-07-15T00:00:00Z,1,0.852810,5.015295,1
AG-R0788,2026-07-15T00:00:00Z,0,-0.671094,2.509047,1
AG-R0789,2026-07-15T00:00:00Z,0,0.320465,0.000000,1
AG-R0790,2026-07-15T00:00:00Z,0,0.998605,0.000000,1
AG-R0791,2026-07-15T00:00:00Z,1,-0.110719,7.759296,0
AG-R0792,2026-07-15T00:00:00Z,0,0.783933,0.000000,1
AG-R0793,2026-07-15T00:00:00Z,1,0.184447,5.897840,1
AG-R0794,2026-07-15T00:00:00Z,1,-0.362156,8.339774,1
AG-R0795,2026-07-15T00:00:00Z,1,1.730019,4.626137,1
AG-R0796,2026-07-15T00:00:00Z,1,0.381165,7.303845,1
AG-R0797,2026-07-15T00:00:00Z,1,0.829259,7.708969,1
AG-R0798,2026-07-15T00:00:00Z,1,-0.383672,7.841776,0
AG-R0799,2026-07-15T00:00:00Z,1,-0.423819,10.443920,1
AG-R0800,2026-07-15T00:00:00Z,0,1.095259,0.000000,1
AG-R-POST-CUTOFF,2026-08-30T00:00:00Z,1,9.999999,99.999999,1
