pod_id,period,treated,post,resolution_hours,gross_churn_bps
AG-S01,-12,1,0,23.939996,93.848850
AG-S01,-11,1,0,22.221517,85.882490
AG-S01,-10,1,0,23.520029,94.496458
AG-S01,-9,1,0,23.339305,97.841579
AG-S01,-8,1,0,23.698664,95.698970
AG-S01,-7,1,0,22.471926,91.986992
AG-S01,-6,1,0,23.352511,91.064596
AG-S01,-5,1,0,23.573370,92.668633
AG-S01,-4,1,0,23.354969,95.841591
AG-S01,-3,1,0,23.624539,96.489707
AG-S01,-2,1,0,24.065439,101.112219
AG-S01,-1,1,0,23.365746,96.305305
AG-S01,0,1,1,18.628987,74.493112
AG-S01,1,1,1,19.369105,68.837814
AG-S01,2,1,1,18.728194,65.953561
AG-S01,3,1,1,19.003387,67.880922
AG-S01,4,1,1,19.852743,71.831249
AG-S01,5,1,1,19.502769,84.067007
AG-S01,6,1,1,20.014892,87.651958
AG-S01,7,1,1,18.225017,80.165541
AG-S01,8,1,1,19.222812,75.070125
AG-S01,9,1,1,18.924504,77.728719
AG-S01,10,1,1,19.537502,67.992001
AG-S01,11,1,1,18.820204,78.825629
AG-S02,-12,0,0,23.590652,91.894439
AG-S02,-11,0,0,22.996042,92.039602
AG-S02,-10,0,0,22.990588,89.173167
AG-S02,-9,0,0,21.947372,94.606009
AG-S02,-8,0,0,23.327182,95.806940
AG-S02,-7,0,0,23.115689,87.717056
AG-S02,-6,0,0,23.359319,90.327680
AG-S02,-5,0,0,24.165501,92.169447
AG-S02,-4,0,0,22.145742,93.615646
AG-S02,-3,0,0,22.357130,86.396314
AG-S02,-2,0,0,25.023127,86.727134
AG-S02,-1,0,0,24.290408,91.121155
AG-S02,0,0,1,22.781688,90.204656
AG-S02,1,0,1,22.688574,82.456066
AG-S02,2,0,1,22.862659,92.560931
AG-S02,3,0,1,22.790634,88.217757
AG-S02,4,0,1,23.854599,92.005941
AG-S02,5,0,1,23.518829,94.172784
AG-S02,6,0,1,23.327239,89.299577
AG-S02,7,0,1,23.727247,82.962671
AG-S02,8,0,1,22.551256,99.719464
AG-S02,9,0,1,24.005709,85.767915
AG-S02,10,0,1,24.228538,100.661148
AG-S02,11,0,1,24.554226,99.930420
AG-S03,-12,0,0,22.930128,94.461836
AG-S03,-11,0,0,22.475063,94.070898
AG-S03,-10,0,0,23.457794,88.994844
AG-S03,-9,0,0,22.528704,95.563322
AG-S03,-8,0,0,22.912152,90.779024
AG-S03,-7,0,0,22.486915,93.575937
AG-S03,-6,0,0,22.955835,89.994369
AG-S03,-5,0,0,22.732232,94.215451
AG-S03,-4,0,0,23.568268,92.023272
AG-S03,-3,0,0,23.179685,96.675189
AG-S03,-2,0,0,22.309095,93.268280
AG-S03,-1,0,0,24.206131,85.400134
AG-S03,0,0,1,23.086393,94.479482
AG-S03,1,0,1,23.765017,92.208382
AG-S03,2,0,1,23.382090,92.371972
AG-S03,3,0,1,23.487232,91.186407
AG-S03,4,0,1,23.562380,82.748896
AG-S03,5,0,1,22.597392,89.281559
AG-S03,6,0,1,23.343489,90.239290
AG-S03,7,0,1,23.720890,101.192574
AG-S03,8,0,1,21.860480,98.858910
AG-S03,9,0,1,23.441894,93.793703
AG-S03,10,0,1,23.588062,91.592576
AG-S03,11,0,1,23.137769,87.690165
AG-S04,-12,0,0,24.232461,88.224823
AG-S04,-11,0,0,23.140980,92.988163
AG-S04,-10,0,0,23.585590,93.763072
AG-S04,-9,0,0,23.912563,102.466860
AG-S04,-8,0,0,23.357277,90.054616
AG-S04,-7,0,0,22.361901,92.161082
AG-S04,-6,0,0,24.459227,96.189038
AG-S04,-5,0,0,25.255492,84.226048
AG-S04,-4,0,0,23.773314,91.929231
AG-S04,-3,0,0,24.793734,100.166467
AG-S04,-2,0,0,24.284116,101.883434
AG-S04,-1,0,0,24.416928,94.230991
AG-S04,0,0,1,23.861888,96.558387
AG-S04,1,0,1,23.773282,93.812358
AG-S04,2,0,1,24.452344,95.022669
AG-S04,3,0,1,23.110861,101.689602
AG-S04,4,0,1,24.293935,87.062077
AG-S04,5,0,1,24.193249,99.034559
AG-S04,6,0,1,24.734988,93.784493
AG-S04,7,0,1,25.314452,93.078607
AG-S04,8,0,1,25.641090,87.208240
AG-S04,9,0,1,24.304201,93.274695
AG-S04,10,0,1,25.174686,93.353720
AG-S04,11,0,1,24.181210,87.839252
AG-S05,-12,0,0,22.374814,93.655009
AG-S05,-11,0,0,23.119594,85.547611
AG-S05,-10,0,0,23.145098,82.652471
AG-S05,-9,0,0,23.451987,98.174618
AG-S05,-8,0,0,23.958000,104.107935
AG-S05,-7,0,0,26.055856,98.323214
AG-S05,-6,0,0,23.235343,88.966349
AG-S05,-5,0,0,23.633691,100.458782
AG-S05,-4,0,0,24.345794,97.642415
AG-S05,-3,0,0,23.120394,90.958747
AG-S05,-2,0,0,22.676094,91.389750
AG-S05,-1,0,0,24.079567,90.369417
AG-S05,0,0,1,25.156338,89.144748
AG-S05,1,0,1,23.256163,94.187096
AG-S05,2,0,1,24.553062,90.945147
AG-S05,3,0,1,23.520722,95.846407
AG-S05,4,0,1,24.165910,93.073148
AG-S05,5,0,1,24.073864,87.741737
AG-S05,6,0,1,24.499725,89.349251
AG-S05,7,0,1,23.462254,84.116681
AG-S05,8,0,1,24.537574,86.057966
AG-S05,9,0,1,24.769573,93.370514
AG-S05,10,0,1,24.728978,91.222677
AG-S05,11,0,1,24.651966,95.368819
AG-S06,-12,0,0,21.757977,88.557338
AG-S06,-11,0,0,23.519043,91.424772
AG-S06,-10,0,0,22.497602,96.048202
AG-S06,-9,0,0,22.055377,87.893907
AG-S06,-8,0,0,24.154508,91.719517
AG-S06,-7,0,0,22.386650,84.903168
AG-S06,-6,0,0,23.439985,90.524207
AG-S06,-5,0,0,23.020790,86.704033
AG-S06,-4,0,0,23.224377,95.354140
AG-S06,-3,0,0,23.410516,87.935763
AG-S06,-2,0,0,23.741799,91.698514
AG-S06,-1,0,0,23.510536,89.417228
AG-S06,0,0,1,24.277583,95.561941
AG-S06,1,0,1,24.292191,97.518678
AG-S06,2,0,1,23.294253,86.606208
AG-S06,3,0,1,22.879748,90.173609
AG-S06,4,0,1,23.348001,87.542592
AG-S06,5,0,1,23.393775,92.361689
AG-S06,6,0,1,23.513997,90.934649
AG-S06,7,0,1,23.270797,89.365306
AG-S06,8,0,1,22.948672,95.476305
AG-S06,9,0,1,24.908882,96.907251
AG-S06,10,0,1,23.761159,85.293361
AG-S06,11,0,1,23.659280,91.468478
AG-S07,-12,1,0,21.273170,84.627420
AG-S07,-11,1,0,22.004729,83.052341
AG-S07,-10,1,0,21.747032,99.037411
AG-S07,-9,1,0,21.420561,78.529373
AG-S07,-8,1,0,22.619504,88.811693
AG-S07,-7,1,0,21.146930,93.239956
AG-S07,-6,1,0,21.715513,85.690327
AG-S07,-5,1,0,22.235599,83.833337
AG-S07,-4,1,0,22.601129,77.109385
AG-S07,-3,1,0,22.411085,91.787205
AG-S07,-2,1,0,21.160278,83.190118
AG-S07,-1,1,0,22.568680,95.320971
AG-S07,0,1,1,17.749750,65.308683
AG-S07,1,1,1,16.889816,72.744085
AG-S07,2,1,1,17.287764,78.385118
AG-S07,3,1,1,17.459245,72.340135
AG-S07,4,1,1,16.849907,72.876575
AG-S07,5,1,1,16.460503,75.096613
AG-S07,6,1,1,17.515613,76.668854
AG-S07,7,1,1,18.127487,76.883973
AG-S07,8,1,1,18.377165,67.249490
AG-S07,9,1,1,17.532660,78.443970
AG-S07,10,1,1,18.705043,76.765897
AG-S07,11,1,1,18.653109,73.712472
AG-S08,-12,1,0,25.020910,96.661148
AG-S08,-11,1,0,25.032568,95.992953
AG-S08,-10,1,0,24.348460,88.355094
AG-S08,-9,1,0,24.249661,90.479681
AG-S08,-8,1,0,25.053072,109.747612
AG-S08,-7,1,0,26.387000,95.388254
AG-S08,-6,1,0,24.543024,91.366597
AG-S08,-5,1,0,23.651709,96.534864
AG-S08,-4,1,0,23.693878,92.076186
AG-S08,-3,1,0,24.958272,97.052162
AG-S08,-2,1,0,25.015677,88.128476
AG-S08,-1,1,0,23.831614,92.557147
AG-S08,0,1,1,18.711250,81.054798
AG-S08,1,1,1,20.453690,68.778580
AG-S08,2,1,1,21.022757,75.400178
AG-S08,3,1,1,20.321473,84.243780
AG-S08,4,1,1,20.093881,67.691129
AG-S08,5,1,1,19.795209,82.985785
AG-S08,6,1,1,19.597458,77.547051
AG-S08,7,1,1,21.742090,70.242987
AG-S08,8,1,1,19.942058,75.216551
AG-S08,9,1,1,19.203319,69.367142
AG-S08,10,1,1,21.473082,75.348450
AG-S08,11,1,1,21.353381,76.885382
AG-S09,-12,0,0,25.261489,94.911519
AG-S09,-11,0,0,25.300748,100.335404
AG-S09,-10,0,0,26.207074,99.845612
AG-S09,-9,0,0,25.192607,99.764572
AG-S09,-8,0,0,25.262143,109.149652
AG-S09,-7,0,0,27.329587,100.474659
AG-S09,-6,0,0,25.531946,93.536199
AG-S09,-5,0,0,25.749455,99.095810
AG-S09,-4,0,0,26.020205,103.174448
AG-S09,-3,0,0,26.280302,93.378563
AG-S09,-2,0,0,27.334729,102.187242
AG-S09,-1,0,0,24.698732,100.709912
AG-S09,0,0,1,25.660729,97.975438
AG-S09,1,0,1,26.837916,102.412721
AG-S09,2,0,1,27.488890,94.029584
AG-S09,3,0,1,24.869065,98.136574
AG-S09,4,0,1,25.929608,93.168148
AG-S09,5,0,1,26.512203,94.333254
AG-S09,6,0,1,26.287695,97.310601
AG-S09,7,0,1,24.957643,99.096871
AG-S09,8,0,1,26.405955,91.929706
AG-S09,9,0,1,27.724754,95.524720
AG-S09,10,0,1,28.299058,95.200849
AG-S09,11,0,1,26.659082,101.316591
AG-S10,-12,1,0,23.862487,92.728811
AG-S10,-11,1,0,22.282895,94.759922
AG-S10,-10,1,0,24.050320,94.292079
AG-S10,-9,1,0,22.613681,94.485584
AG-S10,-8,1,0,23.913979,95.367253
AG-S10,-7,1,0,23.276456,89.834252
AG-S10,-6,1,0,22.998705,92.656595
AG-S10,-5,1,0,23.537332,93.246730
AG-S10,-4,1,0,24.117809,94.520479
AG-S10,-3,1,0,23.475484,88.927279
AG-S10,-2,1,0,23.482981,96.731283
AG-S10,-1,1,0,22.495153,81.843460
AG-S10,0,1,1,19.048502,78.799615
AG-S10,1,1,1,19.553991,77.597423
AG-S10,2,1,1,18.569359,82.023932
AG-S10,3,1,1,19.869990,69.858707
AG-S10,4,1,1,18.220453,80.229317
AG-S10,5,1,1,19.115478,79.816905
AG-S10,6,1,1,19.544795,72.566426
AG-S10,7,1,1,19.330431,67.742316
AG-S10,8,1,1,20.807949,77.768177
AG-S10,9,1,1,20.055444,78.676372
AG-S10,10,1,1,20.116554,76.464145
AG-S10,11,1,1,19.626809,77.073998
AG-S11,-12,1,0,22.865154,87.230283
AG-S11,-11,1,0,22.902704,92.249032
AG-S11,-10,1,0,23.466662,86.287486
AG-S11,-9,1,0,22.447260,94.815949
AG-S11,-8,1,0,23.554889,91.446512
AG-S11,-7,1,0,23.079465,93.982839
AG-S11,-6,1,0,23.274758,96.364574
AG-S11,-5,1,0,22.772817,91.421768
AG-S11,-4,1,0,22.619930,96.447794
AG-S11,-3,1,0,23.675828,90.832702
AG-S11,-2,1,0,23.455979,87.654825
AG-S11,-1,1,0,23.688695,77.173140
AG-S11,0,1,1,18.179693,74.541984
AG-S11,1,1,1,18.265047,67.322408
AG-S11,2,1,1,20.471661,77.474038
AG-S11,3,1,1,18.344811,66.911326
AG-S11,4,1,1,19.182816,76.600278
AG-S11,5,1,1,18.739130,77.885497
AG-S11,6,1,1,20.481034,74.321756
AG-S11,7,1,1,18.466791,76.569935
AG-S11,8,1,1,19.335186,78.311662
AG-S11,9,1,1,19.587823,74.956703
AG-S11,10,1,1,19.271940,72.394805
AG-S11,11,1,1,18.700984,79.912911
AG-S12,-12,1,0,20.548239,85.497875
AG-S12,-11,1,0,21.535025,90.902812
AG-S12,-10,1,0,20.878194,76.610782
AG-S12,-9,1,0,19.918152,85.682295
AG-S12,-8,1,0,21.814210,81.115254
AG-S12,-7,1,0,20.421017,85.018553
AG-S12,-6,1,0,22.096621,95.021133
AG-S12,-5,1,0,22.039616,86.115841
AG-S12,-4,1,0,20.578470,87.681425
AG-S12,-3,1,0,20.594946,81.202306
AG-S12,-2,1,0,21.482587,83.653375
AG-S12,-1,1,0,21.220329,89.782786
AG-S12,0,1,1,17.803645,63.281827
AG-S12,1,1,1,15.368539,72.612111
AG-S12,2,1,1,15.599638,71.446683
AG-S12,3,1,1,16.650570,65.007670
AG-S12,4,1,1,16.914747,70.204835
AG-S12,5,1,1,17.666686,73.613319
AG-S12,6,1,1,17.088107,65.918714
AG-S12,7,1,1,16.446110,70.374571
AG-S12,8,1,1,16.234261,78.244207
AG-S12,9,1,1,18.199856,62.593243
AG-S12,10,1,1,15.977724,68.744135
AG-S12,11,1,1,15.656655,79.660418
AG-S13,-12,0,0,23.738506,80.598397
AG-S13,-11,0,0,24.435139,100.872626
AG-S13,-10,0,0,23.614371,92.538576
AG-S13,-9,0,0,23.084074,87.013026
AG-S13,-8,0,0,24.267707,92.977663
AG-S13,-7,0,0,25.130451,94.360755
AG-S13,-6,0,0,22.429815,97.758179
AG-S13,-5,0,0,24.708056,91.821126
AG-S13,-4,0,0,23.850199,94.362042
AG-S13,-3,0,0,23.148970,96.418825
AG-S13,-2,0,0,25.018237,86.981723
AG-S13,-1,0,0,23.852081,92.480771
AG-S13,0,0,1,24.054888,89.320965
AG-S13,1,0,1,23.899322,95.477917
AG-S13,2,0,1,25.223820,90.835902
AG-S13,3,0,1,23.801833,96.444125
AG-S13,4,0,1,23.069116,87.994202
AG-S13,5,0,1,23.409150,91.346775
AG-S13,6,0,1,25.953979,93.515937
AG-S13,7,0,1,25.056335,89.398169
AG-S13,8,0,1,23.828649,96.558931
AG-S13,9,0,1,25.177531,91.510391
AG-S13,10,0,1,25.703872,89.940810
AG-S13,11,0,1,23.969621,87.548127
AG-S14,-12,1,0,21.278206,88.505853
AG-S14,-11,1,0,21.262441,99.287459
AG-S14,-10,1,0,21.737213,91.998058
AG-S14,-9,1,0,20.680447,91.146499
AG-S14,-8,1,0,21.655761,85.909762
AG-S14,-7,1,0,22.058783,88.898545
AG-S14,-6,1,0,21.304404,89.424944
AG-S14,-5,1,0,21.740526,86.483295
AG-S14,-4,1,0,21.850615,85.897764
AG-S14,-3,1,0,21.894773,87.556826
AG-S14,-2,1,0,22.458561,86.329289
AG-S14,-1,1,0,20.890971,77.720646
AG-S14,0,1,1,16.792191,74.968750
AG-S14,1,1,1,17.480158,77.707294
AG-S14,2,1,1,17.142513,79.027290
AG-S14,3,1,1,17.161189,74.182017
AG-S14,4,1,1,17.072743,74.947130
AG-S14,5,1,1,16.632651,71.598198
AG-S14,6,1,1,17.856657,73.976875
AG-S14,7,1,1,17.725344,69.729291
AG-S14,8,1,1,17.204378,77.149652
AG-S14,9,1,1,16.548693,63.582022
AG-S14,10,1,1,17.776070,65.000864
AG-S14,11,1,1,16.568477,72.545079
AG-S15,-12,1,0,22.222299,94.853954
AG-S15,-11,1,0,22.730029,88.849129
AG-S15,-10,1,0,23.821781,96.662617
AG-S15,-9,1,0,23.796766,95.296923
AG-S15,-8,1,0,22.418878,99.176703
AG-S15,-7,1,0,23.410557,83.120215
AG-S15,-6,1,0,23.765150,88.439591
AG-S15,-5,1,0,24.376090,96.282846
AG-S15,-4,1,0,24.154682,93.426601
AG-S15,-3,1,0,24.907143,102.121657
AG-S15,-2,1,0,22.844239,94.499636
AG-S15,-1,1,0,23.461749,80.686110
AG-S15,0,1,1,19.440608,73.665490
AG-S15,1,1,1,18.473216,79.088151
AG-S15,2,1,1,18.394314,72.858177
AG-S15,3,1,1,20.023708,69.117555
AG-S15,4,1,1,20.124059,81.586818
AG-S15,5,1,1,19.057480,74.580964
AG-S15,6,1,1,20.433783,76.962867
AG-S15,7,1,1,19.846876,71.520136
AG-S15,8,1,1,18.556824,78.635020
AG-S15,9,1,1,18.022696,76.822930
AG-S15,10,1,1,19.646757,79.662811
AG-S15,11,1,1,18.207742,79.395055
AG-S16,-12,1,0,23.497026,94.923669
AG-S16,-11,1,0,22.243954,92.126271
AG-S16,-10,1,0,25.117794,99.305836
AG-S16,-9,1,0,24.366667,89.220352
AG-S16,-8,1,0,22.681230,89.828873
AG-S16,-7,1,0,23.247985,83.794226
AG-S16,-6,1,0,23.343241,93.701827
AG-S16,-5,1,0,23.797641,101.720337
AG-S16,-4,1,0,24.472121,91.053990
AG-S16,-3,1,0,23.528917,92.237820
AG-S16,-2,1,0,24.164198,85.393945
AG-S16,-1,1,0,23.281338,83.958358
AG-S16,0,1,1,18.978665,75.620907
AG-S16,1,1,1,19.411738,75.323720
AG-S16,2,1,1,19.909818,79.302118
AG-S16,3,1,1,18.635765,79.803816
AG-S16,4,1,1,19.175686,74.987996
AG-S16,5,1,1,17.832146,72.352075
AG-S16,6,1,1,19.558031,78.465399
AG-S16,7,1,1,19.438993,73.624133
AG-S16,8,1,1,19.708938,77.903571
AG-S16,9,1,1,20.602091,76.109366
AG-S16,10,1,1,19.530220,78.245880
AG-S16,11,1,1,20.089928,80.338110
AG-S17,-12,0,0,23.399177,87.925612
AG-S17,-11,0,0,23.769535,87.094865
AG-S17,-10,0,0,24.053161,96.748435
AG-S17,-9,0,0,23.793711,90.087770
AG-S17,-8,0,0,22.941711,90.967469
AG-S17,-7,0,0,22.769367,83.809929
AG-S17,-6,0,0,22.800946,96.490598
AG-S17,-5,0,0,23.690732,101.358268
AG-S17,-4,0,0,24.214117,97.642157
AG-S17,-3,0,0,23.552359,89.275644
AG-S17,-2,0,0,23.264722,87.050135
AG-S17,-1,0,0,23.270518,92.634130
AG-S17,0,0,1,23.910864,90.937244
AG-S17,1,0,1,23.796981,90.188068
AG-S17,2,0,1,23.784561,94.070118
AG-S17,3,0,1,22.664320,91.958525
AG-S17,4,0,1,24.101023,102.343253
AG-S17,5,0,1,25.406411,97.255379
AG-S17,6,0,1,23.743153,97.331149
AG-S17,7,0,1,22.871548,91.050055
AG-S17,8,0,1,24.873739,98.805664
AG-S17,9,0,1,24.136328,92.807342
AG-S17,10,0,1,24.615736,87.859486
AG-S17,11,0,1,24.215855,93.577221
AG-S18,-12,1,0,23.518019,96.599197
AG-S18,-11,1,0,21.953547,81.876234
AG-S18,-10,1,0,22.230423,92.641575
AG-S18,-9,1,0,21.399049,94.844936
AG-S18,-8,1,0,21.951092,84.482674
AG-S18,-7,1,0,21.649518,93.674753
AG-S18,-6,1,0,24.534634,90.440946
AG-S18,-5,1,0,23.097546,103.556535
AG-S18,-4,1,0,23.253782,91.153590
AG-S18,-3,1,0,22.853202,84.669910
AG-S18,-2,1,0,23.110727,89.351653
AG-S18,-1,1,0,23.134551,87.814842
AG-S18,0,1,1,17.310161,73.780154
AG-S18,1,1,1,17.407894,77.871418
AG-S18,2,1,1,17.029669,62.998588
AG-S18,3,1,1,19.064979,68.616122
AG-S18,4,1,1,18.477665,71.841045
AG-S18,5,1,1,17.375254,73.179233
AG-S18,6,1,1,18.680950,84.444932
AG-S18,7,1,1,17.979845,73.799553
AG-S18,8,1,1,18.853118,69.461486
AG-S18,9,1,1,18.982109,63.989734
AG-S18,10,1,1,18.118561,73.918089
AG-S18,11,1,1,19.101685,65.385087
AG-S19,-12,0,0,23.418612,90.843153
AG-S19,-11,0,0,22.887133,90.116467
AG-S19,-10,0,0,22.506173,83.695973
AG-S19,-9,0,0,23.811322,93.594223
AG-S19,-8,0,0,22.382959,85.603263
AG-S19,-7,0,0,23.499262,95.893213
AG-S19,-6,0,0,22.565024,87.766374
AG-S19,-5,0,0,23.628862,88.232429
AG-S19,-4,0,0,23.136869,93.550268
AG-S19,-3,0,0,23.697414,90.615077
AG-S19,-2,0,0,22.022551,96.002959
AG-S19,-1,0,0,24.236942,92.975715
AG-S19,0,0,1,25.154011,99.826058
AG-S19,1,0,1,23.052386,96.343992
AG-S19,2,0,1,23.479273,94.394164
AG-S19,3,0,1,23.056015,94.731210
AG-S19,4,0,1,23.905201,96.455142
AG-S19,5,0,1,23.144266,94.154589
AG-S19,6,0,1,23.599859,91.428039
AG-S19,7,0,1,23.356832,86.008521
AG-S19,8,0,1,24.533096,90.515200
AG-S19,9,0,1,24.553407,92.997141
AG-S19,10,0,1,23.135722,88.180621
AG-S19,11,0,1,23.435800,84.067906
AG-S20,-12,1,0,20.460330,95.186603
AG-S20,-11,1,0,23.471615,88.204915
AG-S20,-10,1,0,22.325195,87.153571
AG-S20,-9,1,0,23.070439,89.913320
AG-S20,-8,1,0,22.290244,102.581839
AG-S20,-7,1,0,22.454863,87.097628
AG-S20,-6,1,0,22.856650,98.616507
AG-S20,-5,1,0,23.239336,88.654421
AG-S20,-4,1,0,23.488760,99.319995
AG-S20,-3,1,0,24.827232,84.754849
AG-S20,-2,1,0,23.256120,99.392479
AG-S20,-1,1,0,23.842602,96.351448
AG-S20,0,1,1,18.022952,72.773716
AG-S20,1,1,1,17.902190,78.402579
AG-S20,2,1,1,18.653319,73.340127
AG-S20,3,1,1,20.880740,75.187595
AG-S20,4,1,1,17.851333,82.012809
AG-S20,5,1,1,18.624480,69.712723
AG-S20,6,1,1,19.137883,74.428662
AG-S20,7,1,1,20.029956,80.750015
AG-S20,8,1,1,18.047717,72.930689
AG-S20,9,1,1,18.948898,75.671394
AG-S20,10,1,1,20.191232,77.791468
AG-S20,11,1,1,19.118796,72.341628
AG-S21,-12,1,0,22.420821,80.795579
AG-S21,-11,1,0,22.563130,90.329024
AG-S21,-10,1,0,22.412157,93.445673
AG-S21,-9,1,0,22.015444,90.157389
AG-S21,-8,1,0,21.732598,89.072154
AG-S21,-7,1,0,22.494220,96.421950
AG-S21,-6,1,0,20.936381,85.810717
AG-S21,-5,1,0,21.823377,89.094893
AG-S21,-4,1,0,22.559663,92.336024
AG-S21,-3,1,0,21.798447,89.693516
AG-S21,-2,1,0,21.821855,85.593076
AG-S21,-1,1,0,22.011887,88.056142
AG-S21,0,1,1,18.890342,77.879976
AG-S21,1,1,1,17.856971,72.663345
AG-S21,2,1,1,17.310298,72.955836
AG-S21,3,1,1,18.375272,72.693656
AG-S21,4,1,1,16.903910,77.320316
AG-S21,5,1,1,17.503720,77.807547
AG-S21,6,1,1,17.110539,62.413750
AG-S21,7,1,1,18.333163,81.988012
AG-S21,8,1,1,16.484890,76.020023
AG-S21,9,1,1,16.855203,69.614805
AG-S21,10,1,1,16.875095,66.858610
AG-S21,11,1,1,18.618682,76.005246
AG-S22,-12,0,0,21.892464,84.070636
AG-S22,-11,0,0,21.006322,91.774912
AG-S22,-10,0,0,22.007110,91.232708
AG-S22,-9,0,0,21.373902,85.899901
AG-S22,-8,0,0,20.389734,85.178065
AG-S22,-7,0,0,22.430131,93.124330
AG-S22,-6,0,0,21.060183,90.002203
AG-S22,-5,0,0,22.508511,90.033689
AG-S22,-4,0,0,22.746011,86.966916
AG-S22,-3,0,0,23.210226,89.305449
AG-S22,-2,0,0,22.640901,84.084536
AG-S22,-1,0,0,22.835873,99.168443
AG-S22,0,0,1,21.862664,89.748445
AG-S22,1,0,1,23.079882,93.432749
AG-S22,2,0,1,21.543489,91.706044
AG-S22,3,0,1,21.888849,97.663966
AG-S22,4,0,1,21.266624,85.360509
AG-S22,5,0,1,22.604486,90.262419
AG-S22,6,0,1,21.389035,89.804804
AG-S22,7,0,1,22.640926,87.160329
AG-S22,8,0,1,23.811973,93.856251
AG-S22,9,0,1,21.681621,87.366547
AG-S22,10,0,1,22.645215,88.623918
AG-S22,11,0,1,22.276318,90.189811
AG-S23,-12,1,0,22.036903,85.475280
AG-S23,-11,1,0,20.839058,81.840184
AG-S23,-10,1,0,21.329374,89.632551
AG-S23,-9,1,0,20.763997,86.163514
AG-S23,-8,1,0,21.163914,86.698842
AG-S23,-7,1,0,21.156871,90.809704
AG-S23,-6,1,0,21.572860,82.264564
AG-S23,-5,1,0,21.593947,82.492184
AG-S23,-4,1,0,21.892145,89.849785
AG-S23,-3,1,0,23.058616,86.302561
AG-S23,-2,1,0,20.379437,90.310191
AG-S23,-1,1,0,20.934912,85.807013
AG-S23,0,1,1,17.693652,64.704867
AG-S23,1,1,1,16.679751,80.099799
AG-S23,2,1,1,18.441080,69.735305
AG-S23,3,1,1,17.608205,75.884183
AG-S23,4,1,1,17.652890,72.304544
AG-S23,5,1,1,16.322045,67.481305
AG-S23,6,1,1,18.845756,80.142466
AG-S23,7,1,1,17.852498,68.987103
AG-S23,8,1,1,17.375986,66.646464
AG-S23,9,1,1,17.181736,76.788062
AG-S23,10,1,1,18.440910,74.963730
AG-S23,11,1,1,17.010112,80.067130
AG-S24,-12,0,0,25.051173,87.545092
AG-S24,-11,0,0,24.421147,95.994753
AG-S24,-10,0,0,23.934036,96.565643
AG-S24,-9,0,0,25.616418,93.273576
AG-S24,-8,0,0,24.376570,94.430052
AG-S24,-7,0,0,24.994634,90.059276
AG-S24,-6,0,0,25.326035,96.859883
AG-S24,-5,0,0,25.049968,97.340056
AG-S24,-4,0,0,25.475908,89.656486
AG-S24,-3,0,0,25.781471,100.622348
AG-S24,-2,0,0,26.064908,98.349678
AG-S24,-1,0,0,24.631957,94.517610
AG-S24,0,0,1,24.789842,88.251042
AG-S24,1,0,1,24.990226,93.308536
AG-S24,2,0,1,24.326841,92.223597
AG-S24,3,0,1,25.862724,95.120683
AG-S24,4,0,1,25.968840,89.024520
AG-S24,5,0,1,25.964858,98.527643
AG-S24,6,0,1,25.284489,95.346678
AG-S24,7,0,1,25.003109,89.131252
AG-S24,8,0,1,25.393573,96.548566
AG-S24,9,0,1,24.739480,92.961689
AG-S24,10,0,1,25.161424,92.286533
AG-S24,11,0,1,26.483990,92.228722
AG-S25,-12,0,0,25.045035,103.906375
AG-S25,-11,0,0,24.365251,100.211405
AG-S25,-10,0,0,24.558825,93.280922
AG-S25,-9,0,0,23.240461,96.086727
AG-S25,-8,0,0,25.515306,89.233583
AG-S25,-7,0,0,23.997735,86.556652
AG-S25,-6,0,0,24.303364,94.775419
AG-S25,-5,0,0,24.382061,91.075508
AG-S25,-4,0,0,24.982266,96.250831
AG-S25,-3,0,0,25.448909,98.765171
AG-S25,-2,0,0,23.721661,97.721547
AG-S25,-1,0,0,24.319375,99.407001
AG-S25,0,0,1,25.669323,96.343238
AG-S25,1,0,1,24.086997,90.385712
AG-S25,2,0,1,24.382221,97.024885
AG-S25,3,0,1,25.785659,90.891015
AG-S25,4,0,1,25.406618,89.872854
AG-S25,5,0,1,24.564525,94.769627
AG-S25,6,0,1,24.937773,104.442042
AG-S25,7,0,1,24.182422,91.805079
AG-S25,8,0,1,24.381412,107.440286
AG-S25,9,0,1,25.844950,85.317145
AG-S25,10,0,1,24.778744,96.714610
AG-S25,11,0,1,26.380418,96.018047
AG-S26,-12,0,0,22.097590,97.346631
AG-S26,-11,0,0,22.273045,86.968830
AG-S26,-10,0,0,23.251580,89.110063
AG-S26,-9,0,0,23.287392,95.858138
AG-S26,-8,0,0,21.328780,92.707428
AG-S26,-7,0,0,22.979585,91.362160
AG-S26,-6,0,0,22.678400,87.560763
AG-S26,-5,0,0,22.871047,84.485753
AG-S26,-4,0,0,23.801230,86.096621
AG-S26,-3,0,0,23.400689,96.741478
AG-S26,-2,0,0,22.305322,94.010730
AG-S26,-1,0,0,23.713654,93.163544
AG-S26,0,0,1,22.890299,88.611917
AG-S26,1,0,1,24.107710,95.522400
AG-S26,2,0,1,23.394375,88.629048
AG-S26,3,0,1,23.703810,93.281880
AG-S26,4,0,1,22.875068,91.906437
AG-S26,5,0,1,23.490193,91.896392
AG-S26,6,0,1,22.088751,88.179830
AG-S26,7,0,1,23.757698,88.554803
AG-S26,8,0,1,23.830548,85.316171
AG-S26,9,0,1,24.182296,91.788704
AG-S26,10,0,1,23.587710,90.822667
AG-S26,11,0,1,23.124812,89.496145
AG-S27,-12,1,0,21.773024,84.283374
AG-S27,-11,1,0,22.924438,84.026765
AG-S27,-10,1,0,21.226087,85.188875
AG-S27,-9,1,0,22.376657,91.312848
AG-S27,-8,1,0,21.314382,91.467484
AG-S27,-7,1,0,22.053101,92.447316
AG-S27,-6,1,0,22.087590,95.634753
AG-S27,-5,1,0,22.605120,84.204628
AG-S27,-4,1,0,22.347782,96.932757
AG-S27,-3,1,0,22.849779,90.210269
AG-S27,-2,1,0,22.003498,87.215086
AG-S27,-1,1,0,21.810511,87.782106
AG-S27,0,1,1,16.598318,75.690654
AG-S27,1,1,1,17.179459,75.825776
AG-S27,2,1,1,16.097524,69.022851
AG-S27,3,1,1,17.289030,79.897679
AG-S27,4,1,1,18.118141,74.985804
AG-S27,5,1,1,18.100291,75.839266
AG-S27,6,1,1,16.769943,76.026748
AG-S27,7,1,1,17.908103,71.510207
AG-S27,8,1,1,17.952701,70.509046
AG-S27,9,1,1,18.244074,70.454783
AG-S27,10,1,1,18.343074,69.280154
AG-S27,11,1,1,17.641745,67.527728
AG-S28,-12,0,0,23.190365,90.095273
AG-S28,-11,0,0,22.903089,85.806531
AG-S28,-10,0,0,22.057006,87.244716
AG-S28,-9,0,0,22.705066,90.910499
AG-S28,-8,0,0,22.669080,94.946654
AG-S28,-7,0,0,23.421759,94.291215
AG-S28,-6,0,0,22.804737,90.959172
AG-S28,-5,0,0,23.172442,96.990719
AG-S28,-4,0,0,22.950523,85.837091
AG-S28,-3,0,0,23.257167,88.475988
AG-S28,-2,0,0,23.627531,92.874710
AG-S28,-1,0,0,21.355500,88.325242
AG-S28,0,0,1,23.097027,90.995320
AG-S28,1,0,1,22.324646,88.925589
AG-S28,2,0,1,22.992933,84.458687
AG-S28,3,0,1,23.387201,96.176130
AG-S28,4,0,1,23.410176,98.542998
AG-S28,5,0,1,23.583034,87.179363
AG-S28,6,0,1,22.985168,86.459458
AG-S28,7,0,1,22.042479,90.902431
AG-S28,8,0,1,24.164713,94.910209
AG-S28,9,0,1,23.049625,91.374449
AG-S28,10,0,1,24.985689,92.876378
AG-S28,11,0,1,22.757860,91.598211
AG-S29,-12,1,0,21.707098,87.535421
AG-S29,-11,1,0,23.452834,95.295865
AG-S29,-10,1,0,22.724770,88.345263
AG-S29,-9,1,0,22.504039,96.170694
AG-S29,-8,1,0,22.495683,95.396379
AG-S29,-7,1,0,23.232390,92.135524
AG-S29,-6,1,0,23.456753,89.484441
AG-S29,-5,1,0,23.251998,93.463959
AG-S29,-4,1,0,22.640675,76.461984
AG-S29,-3,1,0,24.515161,93.462440
AG-S29,-2,1,0,23.888661,91.885413
AG-S29,-1,1,0,23.464106,93.595673
AG-S29,0,1,1,19.416786,71.304802
AG-S29,1,1,1,18.474974,81.208622
AG-S29,2,1,1,16.911584,65.190434
AG-S29,3,1,1,18.789387,81.964651
AG-S29,4,1,1,19.102273,78.068669
AG-S29,5,1,1,18.966747,73.749755
AG-S29,6,1,1,19.689963,78.175498
AG-S29,7,1,1,18.560345,65.954723
AG-S29,8,1,1,19.732496,76.321758
AG-S29,9,1,1,18.598350,64.806044
AG-S29,10,1,1,19.150400,74.574301
AG-S29,11,1,1,17.717289,74.627987
AG-S30,-12,0,0,22.905446,94.372063
AG-S30,-11,0,0,22.816988,96.829683
AG-S30,-10,0,0,23.235425,93.066793
AG-S30,-9,0,0,24.006140,93.797208
AG-S30,-8,0,0,23.587470,81.905520
AG-S30,-7,0,0,23.125103,93.290924
AG-S30,-6,0,0,23.581933,82.653522
AG-S30,-5,0,0,23.394098,91.953921
AG-S30,-4,0,0,22.735324,93.954519
AG-S30,-3,0,0,22.868447,92.834405
AG-S30,-2,0,0,22.927789,102.298588
AG-S30,-1,0,0,23.479381,93.285577
AG-S30,0,0,1,23.677764,104.650366
AG-S30,1,0,1,23.622525,84.635020
AG-S30,2,0,1,22.698182,86.122888
AG-S30,3,0,1,23.345396,96.177677
AG-S30,4,0,1,23.127187,92.815026
AG-S30,5,0,1,24.330468,96.889341
AG-S30,6,0,1,23.835901,94.036252
AG-S30,7,0,1,24.202451,90.594239
AG-S30,8,0,1,24.000664,95.482575
AG-S30,9,0,1,24.109155,86.410480
AG-S30,10,0,1,25.274757,90.083391
AG-S30,11,0,1,24.236584,89.648994
AG-S31,-12,1,0,23.265535,98.875198
AG-S31,-11,1,0,23.035978,95.245068
AG-S31,-10,1,0,22.297808,87.175807
AG-S31,-9,1,0,23.432991,90.608193
AG-S31,-8,1,0,22.243558,83.243063
AG-S31,-7,1,0,23.653188,88.115267
AG-S31,-6,1,0,24.010718,88.450255
AG-S31,-5,1,0,21.820882,92.212625
AG-S31,-4,1,0,22.980949,97.180132
AG-S31,-3,1,0,22.919446,96.572160
AG-S31,-2,1,0,23.419128,99.459566
AG-S31,-1,1,0,22.642090,87.925336
AG-S31,0,1,1,18.108402,73.731208
AG-S31,1,1,1,18.534341,73.924885
AG-S31,2,1,1,18.552852,82.319082
AG-S31,3,1,1,19.822146,75.584865
AG-S31,4,1,1,18.055203,69.997741
AG-S31,5,1,1,19.117374,65.417168
AG-S31,6,1,1,18.251290,72.370312
AG-S31,7,1,1,18.622304,70.926182
AG-S31,8,1,1,18.455100,73.865663
AG-S31,9,1,1,18.238557,82.328811
AG-S31,10,1,1,17.837028,76.509937
AG-S31,11,1,1,18.809847,75.453505
AG-S32,-12,0,0,23.963580,96.791481
AG-S32,-11,0,0,23.163709,94.154636
AG-S32,-10,0,0,23.754450,94.360541
AG-S32,-9,0,0,25.485477,100.785128
AG-S32,-8,0,0,23.750513,91.381032
AG-S32,-7,0,0,22.426200,94.604626
AG-S32,-6,0,0,25.523540,93.144520
AG-S32,-5,0,0,25.223585,93.458162
AG-S32,-4,0,0,24.243415,100.762910
AG-S32,-3,0,0,25.112872,88.028173
AG-S32,-2,0,0,24.425000,94.027085
AG-S32,-1,0,0,24.490139,96.650542
AG-S32,0,0,1,24.520602,101.273984
AG-S32,1,0,1,23.589730,91.795442
AG-S32,2,0,1,24.051093,92.264328
AG-S32,3,0,1,25.543026,99.155918
AG-S32,4,0,1,23.522646,97.016270
AG-S32,5,0,1,24.241249,93.011135
AG-S32,6,0,1,24.848278,96.163738
AG-S32,7,0,1,25.333026,91.791473
AG-S32,8,0,1,24.566480,94.519312
AG-S32,9,0,1,24.666085,95.154228
AG-S32,10,0,1,25.124662,90.855321
AG-S32,11,0,1,23.457998,97.647165
AG-S33,-12,1,0,24.113312,97.570264
AG-S33,-11,1,0,23.860919,100.738061
AG-S33,-10,1,0,23.543960,92.187999
AG-S33,-9,1,0,24.326437,95.585835
AG-S33,-8,1,0,24.180945,100.345132
AG-S33,-7,1,0,23.903237,90.600372
AG-S33,-6,1,0,23.394535,95.368632
AG-S33,-5,1,0,24.043538,101.998216
AG-S33,-4,1,0,23.854742,89.412477
AG-S33,-3,1,0,25.031874,85.111949
AG-S33,-2,1,0,24.924179,94.899982
AG-S33,-1,1,0,24.516175,92.732662
AG-S33,0,1,1,20.673293,78.010527
AG-S33,1,1,1,19.881272,74.769531
AG-S33,2,1,1,20.292516,77.812978
AG-S33,3,1,1,20.122931,68.095532
AG-S33,4,1,1,18.953774,70.743338
AG-S33,5,1,1,20.710739,78.916907
AG-S33,6,1,1,20.833079,81.672905
AG-S33,7,1,1,19.081739,82.722250
AG-S33,8,1,1,21.118856,78.519789
AG-S33,9,1,1,20.243982,78.504003
AG-S33,10,1,1,20.275443,80.479662
AG-S33,11,1,1,19.902037,69.357656
AG-S34,-12,1,0,22.751413,90.208685
AG-S34,-11,1,0,22.576608,94.272807
AG-S34,-10,1,0,21.173615,94.753838
AG-S34,-9,1,0,22.534790,83.551290
AG-S34,-8,1,0,22.275486,97.882951
AG-S34,-7,1,0,21.769355,91.223436
AG-S34,-6,1,0,23.110273,93.077862
AG-S34,-5,1,0,23.470485,83.316558
AG-S34,-4,1,0,23.746881,88.633577
AG-S34,-3,1,0,22.211091,93.983136
AG-S34,-2,1,0,22.917679,92.102481
AG-S34,-1,1,0,23.890222,91.333595
AG-S34,0,1,1,17.907480,75.710261
AG-S34,1,1,1,17.581570,76.490738
AG-S34,2,1,1,17.614528,80.920776
AG-S34,3,1,1,18.564086,86.749857
AG-S34,4,1,1,17.709406,77.571500
AG-S34,5,1,1,16.962451,78.885493
AG-S34,6,1,1,19.525812,73.389861
AG-S34,7,1,1,18.566981,77.701032
AG-S34,8,1,1,17.564907,73.491876
AG-S34,9,1,1,19.139012,81.557575
AG-S34,10,1,1,18.668115,78.435243
AG-S34,11,1,1,17.995718,70.996589
AG-S35,-12,0,0,23.629386,89.655315
AG-S35,-11,0,0,24.782879,99.539221
AG-S35,-10,0,0,22.310809,98.881142
AG-S35,-9,0,0,23.690655,96.417257
AG-S35,-8,0,0,22.472781,98.947360
AG-S35,-7,0,0,23.857102,103.401716
AG-S35,-6,0,0,23.680146,87.805077
AG-S35,-5,0,0,22.957789,104.205894
AG-S35,-4,0,0,23.266208,84.546354
AG-S35,-3,0,0,25.349626,84.631607
AG-S35,-2,0,0,24.182680,90.191750
AG-S35,-1,0,0,23.635602,101.245701
AG-S35,0,0,1,24.495700,98.783556
AG-S35,1,0,1,24.617712,97.481433
AG-S35,2,0,1,24.522718,89.698735
AG-S35,3,0,1,24.070108,93.677967
AG-S35,4,0,1,24.448314,91.402581
AG-S35,5,0,1,24.931374,97.196366
AG-S35,6,0,1,24.979592,93.516355
AG-S35,7,0,1,25.177641,98.370007
AG-S35,8,0,1,24.278481,90.839877
AG-S35,9,0,1,24.986469,87.716617
AG-S35,10,0,1,24.703758,85.837322
AG-S35,11,0,1,24.997480,89.430015
AG-S36,-12,1,0,24.111058,94.477974
AG-S36,-11,1,0,22.246580,93.344094
AG-S36,-10,1,0,22.194669,93.384229
AG-S36,-9,1,0,22.273647,88.469429
AG-S36,-8,1,0,21.279761,89.659416
AG-S36,-7,1,0,23.035589,93.089268
AG-S36,-6,1,0,23.031832,87.193561
AG-S36,-5,1,0,23.368291,103.237179
AG-S36,-4,1,0,23.287238,91.172039
AG-S36,-3,1,0,24.345448,93.116920
AG-S36,-2,1,0,22.967016,95.041418
AG-S36,-1,1,0,22.785322,93.525313
AG-S36,0,1,1,18.055698,73.251207
AG-S36,1,1,1,19.571808,78.139081
AG-S36,2,1,1,19.235280,82.238419
AG-S36,3,1,1,19.102521,72.136879
AG-S36,4,1,1,17.427945,77.280200
AG-S36,5,1,1,17.716833,69.440128
AG-S36,6,1,1,19.007927,78.625562
AG-S36,7,1,1,19.306106,72.385059
AG-S36,8,1,1,20.073939,73.514080
AG-S36,9,1,1,19.487013,71.955600
AG-S36,10,1,1,19.710670,73.156739
AG-S36,11,1,1,20.693060,74.898396
AG-S37,-12,1,0,21.720521,98.679527
AG-S37,-11,1,0,22.740575,85.112578
AG-S37,-10,1,0,22.229545,92.571711
AG-S37,-9,1,0,22.735814,90.973634
AG-S37,-8,1,0,22.460973,77.787033
AG-S37,-7,1,0,22.605620,88.264507
AG-S37,-6,1,0,23.791495,87.578309
AG-S37,-5,1,0,21.962590,93.584487
AG-S37,-4,1,0,22.876930,90.532774
AG-S37,-3,1,0,22.354356,96.945529
AG-S37,-2,1,0,22.029113,84.765569
AG-S37,-1,1,0,23.893840,89.833210
AG-S37,0,1,1,19.187237,78.758432
AG-S37,1,1,1,17.861442,80.282179
AG-S37,2,1,1,19.040751,75.787777
AG-S37,3,1,1,19.797810,80.040167
AG-S37,4,1,1,18.875765,79.491466
AG-S37,5,1,1,18.164781,72.081125
AG-S37,6,1,1,18.543357,67.397198
AG-S37,7,1,1,19.560982,80.642867
AG-S37,8,1,1,18.164820,79.778124
AG-S37,9,1,1,18.350523,73.682517
AG-S37,10,1,1,18.279040,75.552726
AG-S37,11,1,1,20.665410,70.699567
AG-S38,-12,0,0,21.748255,88.582803
AG-S38,-11,0,0,23.550948,90.430563
AG-S38,-10,0,0,22.844222,83.650566
AG-S38,-9,0,0,21.939154,90.611066
AG-S38,-8,0,0,23.612216,85.811276
AG-S38,-7,0,0,22.964612,86.267633
AG-S38,-6,0,0,23.470813,86.205840
AG-S38,-5,0,0,22.367686,88.297640
AG-S38,-4,0,0,21.613153,82.327984
AG-S38,-3,0,0,22.949716,90.841826
AG-S38,-2,0,0,22.860474,90.323544
AG-S38,-1,0,0,23.453839,92.389328
AG-S38,0,0,1,23.891961,87.066470
AG-S38,1,0,1,22.411583,90.715740
AG-S38,2,0,1,22.211748,89.705710
AG-S38,3,0,1,23.410962,94.583931
AG-S38,4,0,1,21.869752,89.876625
AG-S38,5,0,1,23.232642,89.449387
AG-S38,6,0,1,23.731248,88.905727
AG-S38,7,0,1,23.819393,88.505862
AG-S38,8,0,1,22.677077,95.899621
AG-S38,9,0,1,24.295252,83.418960
AG-S38,10,0,1,23.131127,84.587829
AG-S38,11,0,1,23.063393,91.450366
AG-S39,-12,0,0,24.042785,93.519033
AG-S39,-11,0,0,23.711942,96.038334
AG-S39,-10,0,0,22.981617,86.111467
AG-S39,-9,0,0,23.701561,98.317330
AG-S39,-8,0,0,22.962541,93.365821
AG-S39,-7,0,0,22.938511,83.730214
AG-S39,-6,0,0,24.108903,88.273088
AG-S39,-5,0,0,23.525031,89.469640
AG-S39,-4,0,0,23.749023,93.762569
AG-S39,-3,0,0,23.694339,97.149576
AG-S39,-2,0,0,23.124240,98.819417
AG-S39,-1,0,0,24.209329,89.940531
AG-S39,0,0,1,23.624614,97.048805
AG-S39,1,0,1,24.103861,88.356449
AG-S39,2,0,1,24.421450,89.208980
AG-S39,3,0,1,24.580378,100.390041
AG-S39,4,0,1,24.056719,81.749667
AG-S39,5,0,1,24.346910,87.468458
AG-S39,6,0,1,23.745052,92.706821
AG-S39,7,0,1,24.846263,83.974344
AG-S39,8,0,1,24.902397,91.629733
AG-S39,9,0,1,24.696956,95.001773
AG-S39,10,0,1,23.921613,95.232497
AG-S39,11,0,1,22.855634,90.369817
AG-S40,-12,0,0,23.756175,100.721181
AG-S40,-11,0,0,24.463988,92.163253
AG-S40,-10,0,0,25.650667,93.667368
AG-S40,-9,0,0,24.288713,97.608765
AG-S40,-8,0,0,25.321058,83.790323
AG-S40,-7,0,0,23.846826,105.425747
AG-S40,-6,0,0,26.130367,91.455936
AG-S40,-5,0,0,24.623737,96.590472
AG-S40,-4,0,0,25.157069,101.133119
AG-S40,-3,0,0,24.699676,102.948872
AG-S40,-2,0,0,25.768773,88.490562
AG-S40,-1,0,0,24.759655,103.319302
AG-S40,0,0,1,25.678126,101.171014
AG-S40,1,0,1,25.627244,93.334405
AG-S40,2,0,1,25.187486,87.908602
AG-S40,3,0,1,25.674938,90.964212
AG-S40,4,0,1,25.627890,96.153469
AG-S40,5,0,1,25.676952,95.668362
AG-S40,6,0,1,25.297145,89.822667
AG-S40,7,0,1,24.666330,86.239452
AG-S40,8,0,1,25.767087,94.847834
AG-S40,9,0,1,25.732298,98.728264
AG-S40,10,0,1,25.842265,85.880163
AG-S40,11,0,1,25.959068,92.055405
